name,pick_rate,position,server,tier,win_rate
Mordekaiser ,2.35,Top,eune,Tier 4,48.72
Morgana ,5.64,Support,eune,Tier 2,49.3
Miss Fortune ,14.29,Bottom,eune,Tier 1,51.37
Sett ,0.87,Top,br,Tier 5,46.97
Jarvan IV ,0.54,Jungle,euw,Tier 5,43.93
Sett ,0.87,Top,oce,Tier 5,46.97
Jarvan IV ,0.54,Jungle,eune,Tier 5,43.93
Master Yi ,2.6,Jungle,eune,Tier 4,48.68
Jarvan IV ,0.54,Jungle,oce,Tier 5,43.93
Jarvan IV ,0.54,Jungle,br,Tier 5,43.93
Shen ,0.72,Top,oce,Tier 5,48.99
Veigar ,0.64,Middle,oce,Tier 5,49.65
Shen ,0.72,Top,ru,Tier 5,48.99
Jarvan IV ,0.54,Jungle,ru,Tier 5,43.93
Veigar ,0.64,Middle,ru,Tier 5,49.65
Jarvan IV ,0.54,Jungle,jp,Tier 5,43.93
Gragas ,0.95,Jungle,tr,Tier 5,49.28
Shen ,0.72,Top,tr,Tier 5,48.99
Veigar ,0.64,Middle,tr,Tier 5,49.65
Vel'Koz ,1.23,Support,tr,Tier 5,49.53
Sett ,0.87,Top,ru,Tier 5,46.97
Seraphine ,1.36,Support,tr,Tier 5,47.63
Jarvan IV ,0.54,Jungle,tr,Tier 5,43.93
Shen ,0.72,Top,na,Tier 5,48.99
Vex ,0.89,Middle,na,Tier 5,47.08
Jarvan IV ,0.54,Jungle,na,Tier 5,43.93
Seraphine ,1.36,Support,na,Tier 5,47.63
Sett ,0.87,Top,na,Tier 5,46.97
Sett ,0.87,Top,tr,Tier 5,46.97
Vex ,0.89,Middle,tr,Tier 5,47.08
Vel'Koz ,1.23,Support,na,Tier 5,49.53
Pantheon ,1.77,Middle,na,Tier 5,47.56
Jarvan IV ,0.54,Jungle,lan,Tier 5,43.93
Gragas ,0.95,Jungle,na,Tier 5,49.28
Jarvan IV ,0.54,Jungle,las,Tier 5,43.93
Veigar ,0.64,Middle,na,Tier 5,49.65
Veigar ,0.64,Middle,lan,Tier 5,49.65
Shen ,0.72,Top,lan,Tier 5,48.99
Vel'Koz ,1.23,Support,lan,Tier 5,49.53
Vex ,0.89,Middle,lan,Tier 5,47.08
Seraphine ,1.36,Support,lan,Tier 5,47.63
Gragas ,0.95,Jungle,lan,Tier 5,49.28
Brand ,1.4,Support,lan,Tier 5,49.62
Sett ,0.87,Top,lan,Tier 5,46.97
Pantheon ,1.77,Middle,lan,Tier 5,47.56
Sett ,0.87,Top,www,Tier 5,46.97
Zac ,0.93,Jungle,lan,Tier 4,50.17
Nidalee ,12.42,Jungle,las,Tier 2,50.31
Galio ,1.83,Middle,lan,Tier 4,48.67
Vel'Koz ,1.23,Support,www,Tier 5,49.53
Seraphine ,1.36,Support,www,Tier 5,47.63
Shen ,0.72,Top,www,Tier 5,48.99
Jarvan IV ,0.54,Jungle,www,Tier 5,43.93
Pantheon ,1.77,Middle,www,Tier 5,47.56
Anivia ,0.65,Middle,www,Tier 5,49.98
Veigar ,0.64,Middle,www,Tier 5,49.65
Sona ,0.92,Support,lan,Tier 4,51.72
Zac ,0.93,Jungle,www,Tier 4,50.17
Galio ,1.83,Middle,www,Tier 4,48.67
Brand ,1.4,Support,www,Tier 5,49.62
Vex ,0.89,Middle,www,Tier 5,47.08
Sona ,0.92,Support,www,Tier 4,51.72
Anivia ,0.65,Middle,lan,Tier 5,49.98
Swain ,1.28,Support,www,Tier 4,50.13
Janna ,1.95,Support,www,Tier 4,50.85
Senna ,3.21,Support,www,Tier 4,48.93
Braum ,2.45,Support,www,Tier 4,49.21
Taric ,0.79,Support,www,Tier 4,52.66
Gragas ,0.95,Jungle,www,Tier 5,49.28
Zilean ,4.62,Support,www,Tier 3,50.36
Shaco ,1.65,Jungle,www,Tier 3,50.92
Soraka ,3.72,Support,www,Tier 3,51.98
Taliyah ,0.56,Jungle,www,Tier 3,54.71
Bard ,2.46,Support,www,Tier 3,51.06
Yuumi ,12.53,Support,www,Tier 3,46.78
Karma ,6.39,Support,www,Tier 3,49.21
Alistar ,5.3,Support,www,Tier 3,50.49
Rakan ,8.51,Support,www,Tier 2,50.22
Morgana ,5.64,Support,www,Tier 2,49.3
Nautilus ,5.72,Support,www,Tier 2,50.0
Xerath ,7.86,Support,www,Tier 2,49.35
Lux ,9.67,Support,www,Tier 2,50.36
Rell ,2.02,Support,www,Tier 2,52.34
Pyke ,8.03,Support,www,Tier 2,49.97
Lulu ,13.15,Support,www,Tier 2,49.77
Nami ,9.14,Support,www,Tier 2,49.43
Thresh ,18.14,Support,www,Tier 2,49.3
Maokai ,6.95,Support,www,Tier 1,52.52
Leona ,12.39,Support,www,Tier 1,51.55
Varus ,1.58,Bottom,www,Tier 5,48.85
Blitzcrank ,14.65,Support,www,Tier 1,52.49
Amumu ,6.2,Support,www,Tier 1,51.51
Kalista ,1.83,Bottom,www,Tier 5,49.93
Kog'Maw ,0.74,Bottom,www,Tier 5,50.74
Zyra ,2.03,Support,www,Tier 3,52.94
Yasuo ,1.14,Middle,www,Tier 4,50.52
Sivir ,1.44,Bottom,www,Tier 5,49.61
Kai'Sa ,11.78,Bottom,www,Tier 5,48.07
Tristana ,1.86,Bottom,www,Tier 5,49.81
Twitch ,1.5,Bottom,www,Tier 4,52.05
Xerath ,0.79,Support,www,Tier 4,51.63
Aphelios ,11.99,Bottom,www,Tier 4,46.29
Ashe ,3.56,Bottom,www,Tier 4,50.65
Draven ,3.36,Bottom,www,Tier 3,51.77
Ezreal ,18.69,Bottom,www,Tier 3,48.5
Swain ,0.68,Support,www,Tier 3,54.68
Caitlyn ,11.2,Bottom,www,Tier 2,51.02
Jhin ,35.36,Bottom,www,Tier 2,50.38
Samira ,9.31,Bottom,www,Tier 2,49.4
Lucian ,17.23,Bottom,www,Tier 2,48.75
Ziggs ,5.3,Bottom,www,Tier 2,52.55
Vayne ,8.54,Bottom,www,Tier 2,52.11
Miss Fortune ,14.29,Bottom,www,Tier 1,51.37
Xayah ,18.88,Bottom,www,Tier 1,50.63
Ryze ,2.74,Middle,www,Tier 5,44.66
Jayce ,0.99,Top,www,Tier 5,47.42
Veigar ,0.8,Middle,www,Tier 5,49.4
Corki ,0.87,Middle,www,Tier 5,51.17
Nunu & Willump ,0.83,Jungle,www,Tier 5,48.77
Neeko ,0.57,Middle,www,Tier 5,51.12
Diana ,1.03,Jungle,www,Tier 5,49.87
Azir ,1.75,Middle,www,Tier 5,46.86
Malzahar ,1.68,Middle,www,Tier 5,50.12
Garen ,0.72,Top,www,Tier 5,50.8
Jinx ,12.98,Bottom,www,Tier 3,51.14
Sett ,0.95,Top,www,Tier 5,50.18
Lucian ,2.07,Bottom,www,Tier 4,47.98
Orianna ,3.51,Middle,www,Tier 5,48.6
Syndra ,4.66,Middle,www,Tier 4,48.54
Vladimir ,1.94,Middle,www,Tier 4,50.82
Renekton ,1.19,Top,www,Tier 4,51.19
Malphite ,0.97,Top,www,Tier 4,51.08
Lux ,3.07,Support,www,Tier 4,49.96
Rumble ,1.22,Top,www,Tier 4,52.16
Xerath ,2.34,Support,www,Tier 4,48.4
Annie ,1.09,Middle,www,Tier 3,52.98
Irelia ,4.48,Top,www,Tier 3,47.55
Viktor ,3.18,Middle,www,Tier 4,50.63
Akali ,5.96,Middle,www,Tier 3,48.67
Cassiopeia ,1.57,Middle,www,Tier 3,51.77
Aurelion Sol ,0.67,Middle,www,Tier 3,54.41
Lissandra ,3.78,Middle,www,Tier 3,50.61
Ekko ,2.68,Jungle,www,Tier 3,50.18
Yone ,8.78,Middle,www,Tier 3,48.34
Ahri ,3.42,Middle,www,Tier 3,51.81
Zoe ,6.43,Middle,www,Tier 2,49.86
Pantheon ,2.24,Middle,www,Tier 3,51.33
Galio ,4.31,Middle,www,Tier 2,51.33
Qiyana ,3.61,Middle,www,Tier 2,50.76
Yasuo ,10.65,Middle,www,Tier 2,49.24
Twisted Fate ,12.51,Middle,www,Tier 2,49.68
Fizz ,3.17,Middle,www,Tier 2,51.48
Singed ,0.98,Top,www,Tier 2,55.73
Kassadin ,4.14,Middle,www,Tier 2,50.89
Tryndamere ,0.76,Top,www,Tier 4,51.2
Sylas ,8.89,Middle,www,Tier 2,49.46
Akshan ,4.76,Middle,www,Tier 1,51.72
Talon ,4.68,Jungle,www,Tier 2,51.42
Anivia ,3.03,Middle,www,Tier 2,52.94
Shyvana ,0.72,Jungle,www,Tier 5,46.98
LeBlanc ,14.76,Middle,www,Tier 2,49.21
Vex ,9.01,Middle,www,Tier 1,50.86
Diana ,2.53,Jungle,www,Tier 5,46.18
Zed ,10.36,Middle,www,Tier 1,50.11
Rumble ,0.84,Top,www,Tier 5,48.58
Sejuani ,1.13,Jungle,www,Tier 5,51.11
Udyr ,0.75,Jungle,www,Tier 5,49.23
Qiyana ,2.64,Middle,www,Tier 5,45.47
Olaf ,0.98,Jungle,www,Tier 5,48.38
Katarina ,8.08,Middle,www,Tier 1,51.79
Volibear ,1.1,Top,www,Tier 5,48.94
Ivern ,0.6,Jungle,www,Tier 5,50.86
Lillia ,2.55,Jungle,www,Tier 5,48.04
Rengar ,0.65,Top,www,Tier 5,50.72
Trundle ,1.33,Jungle,www,Tier 4,50.8
Zed ,1.84,Middle,www,Tier 4,47.02
Gragas ,2.84,Jungle,www,Tier 4,50.06
Rammus ,1.21,Jungle,www,Tier 4,50.71
Warwick ,1.97,Jungle,www,Tier 4,51.75
Nocturne ,1.83,Jungle,www,Tier 4,50.42
Master Yi ,2.6,Jungle,www,Tier 4,48.68
Vi ,2.56,Jungle,www,Tier 3,51.13
Kha'Zix ,3.14,Jungle,www,Tier 4,50.03
Taliyah ,2.86,Jungle,www,Tier 3,51.75
Hecarim ,5.38,Jungle,www,Tier 3,50.48
Zac ,4.49,Jungle,www,Tier 3,51.59
Evelynn ,2.67,Jungle,www,Tier 3,50.79
Nunu & Willump ,3.29,Jungle,www,Tier 2,52.13
Kayn ,6.7,Jungle,www,Tier 3,49.55
Jarvan IV ,5.67,Jungle,www,Tier 3,50.32
Fiddlesticks ,2.5,Jungle,www,Tier 3,51.79
Ekko ,11.39,Jungle,www,Tier 2,49.0
Talon ,8.62,Jungle,www,Tier 2,49.01
Xin Zhao ,7.05,Jungle,www,Tier 2,50.99
Karthus ,3.29,Jungle,www,Tier 2,52.46
Nidalee ,12.42,Jungle,www,Tier 2,50.31
Viego ,11.99,Jungle,www,Tier 2,49.35
Rek'Sai ,3.8,Jungle,www,Tier 2,52.12
Shaco ,4.21,Jungle,www,Tier 2,51.39
Elise ,6.81,Jungle,www,Tier 1,51.35
Kindred ,6.72,Jungle,www,Tier 2,50.91
Lee Sin ,28.36,Jungle,www,Tier 1,48.37
Poppy ,5.8,Jungle,www,Tier 1,51.8
Ryze ,1.17,Middle,www,Tier 5,46.31
Graves ,18.07,Jungle,www,Tier 1,52.06
Trundle ,0.7,Jungle,www,Tier 5,48.25
Gragas ,0.68,Jungle,www,Tier 5,48.64
Viktor ,0.55,Middle,www,Tier 5,49.35
Zac ,0.53,Jungle,www,Tier 5,50.66
Illaoi ,0.93,Top,www,Tier 5,49.54
Cho'Gath ,0.67,Top,www,Tier 5,51.65
Cassiopeia ,0.73,Middle,www,Tier 5,50.51
Rumble ,1.41,Top,www,Tier 5,49.12
Maokai ,0.8,Support,www,Tier 5,50.47
Volibear ,1.62,Top,www,Tier 5,49.14
Gwen ,3.06,Top,www,Tier 5,46.94
Kayle ,1.03,Top,www,Tier 5,51.35
Vladimir ,1.45,Middle,www,Tier 5,49.82
Warwick ,1.01,Jungle,www,Tier 4,51.16
Yasuo ,1.98,Middle,www,Tier 4,48.19
Dr. Mundo ,0.82,Top,www,Tier 4,51.47
Mordekaiser ,2.35,Top,www,Tier 4,48.72
Jayce ,10.85,Top,www,Tier 4,45.64
Lillia ,1.61,Jungle,www,Tier 4,49.58
Pantheon ,0.55,Middle,www,Tier 4,51.9
Yone ,3.42,Middle,www,Tier 4,47.74
Heimerdinger ,0.99,Top,www,Tier 4,50.56
Yorick ,0.78,Top,www,Tier 4,51.6
Urgot ,1.32,Top,www,Tier 4,51.49
Gnar ,3.01,Top,www,Tier 4,49.79
Sion ,2.25,Top,www,Tier 3,51.65
Singed ,1.19,Top,www,Tier 3,51.92
Ornn ,3.51,Top,www,Tier 3,51.04
Riven ,4.06,Top,www,Tier 3,49.95
Akali ,5.01,Middle,www,Tier 3,49.17
Nasus ,1.96,Top,www,Tier 3,52.04
Kennen ,5.36,Top,www,Tier 3,48.95
Garen ,2.95,Top,www,Tier 3,50.8
Gangplank ,2.56,Top,www,Tier 3,50.33
Rengar ,1.59,Top,www,Tier 3,52.04
Quinn ,1.14,Top,www,Tier 2,52.66
Tryndamere ,1.78,Top,www,Tier 3,51.12
Wukong ,2.53,Top,www,Tier 2,51.67
Sylas ,5.74,Middle,www,Tier 2,49.1
Jax ,4.55,Top,www,Tier 2,50.02
Shen ,3.34,Top,www,Tier 2,52.6
Graves ,5.53,Jungle,www,Tier 2,49.37
Sett ,6.57,Top,www,Tier 2,49.62
Renekton ,8.49,Top,www,Tier 2,50.07
Kled ,1.86,Top,www,Tier 2,52.94
Irelia ,9.1,Top,www,Tier 2,49.17
Malphite ,5.6,Top,www,Tier 2,50.74
Darius ,7.31,Top,www,Tier 2,50.3
Teemo ,6.9,Top,www,Tier 1,49.25
Aatrox ,7.93,Top,www,Tier 2,49.79
Fiora ,8.7,Top,www,Tier 1,50.25
Vayne ,5.71,Bottom,www,Tier 2,50.34
Poppy ,3.15,Jungle,www,Tier 1,53.85
Tahm Kench ,4.9,Top,www,Tier 1,52.81
Camille ,14.22,Top,www,Tier 1,52.52
Xayah ,18.88,Bottom,www,Tier 1,50.63
Ziggs ,5.3,Bottom,www,Tier 2,52.55
Vayne ,8.54,Bottom,www,Tier 2,52.11
Varus ,1.58,Bottom,www,Tier 5,48.85
Tristana ,1.86,Bottom,www,Tier 5,49.81
Sivir ,1.44,Bottom,www,Tier 5,49.61
Samira ,9.31,Bottom,www,Tier 2,49.4
Twitch ,1.5,Bottom,www,Tier 4,52.05
Lucian ,17.23,Bottom,www,Tier 2,48.75
Miss Fortune ,14.29,Bottom,www,Tier 1,51.37
Kalista ,1.83,Bottom,www,Tier 5,49.93
Kog'Maw ,0.74,Bottom,www,Tier 5,50.74
Jinx ,12.98,Bottom,www,Tier 3,51.14
Jhin ,35.36,Bottom,www,Tier 2,50.38
Kai'Sa ,11.78,Bottom,www,Tier 5,48.07
Ezreal ,18.69,Bottom,www,Tier 3,48.5
Draven ,3.36,Bottom,www,Tier 3,51.77
Aphelios ,11.99,Bottom,www,Tier 4,46.29
Braum ,2.45,Support,lan,Tier 4,49.21
Caitlyn ,11.2,Bottom,www,Tier 2,51.02
Senna ,3.21,Support,lan,Tier 4,48.93
Bard ,2.46,Support,lan,Tier 3,51.06
Taliyah ,0.56,Jungle,lan,Tier 3,54.71
Swain ,1.28,Support,lan,Tier 4,50.13
Taric ,0.79,Support,lan,Tier 4,52.66
Ashe ,3.56,Bottom,www,Tier 4,50.65
Karma ,6.39,Support,lan,Tier 3,49.21
Zilean ,4.62,Support,lan,Tier 3,50.36
Soraka ,3.72,Support,lan,Tier 3,51.98
Alistar ,5.3,Support,lan,Tier 3,50.49
Yuumi ,12.53,Support,lan,Tier 3,46.78
Janna ,1.95,Support,lan,Tier 4,50.85
Shaco ,1.65,Jungle,lan,Tier 3,50.92
Zyra ,2.03,Support,lan,Tier 3,52.94
Nautilus ,5.72,Support,lan,Tier 2,50.0
Rell ,2.02,Support,lan,Tier 2,52.34
Nami ,9.14,Support,lan,Tier 2,49.43
Pyke ,8.03,Support,lan,Tier 2,49.97
Morgana ,5.64,Support,lan,Tier 2,49.3
Xerath ,7.86,Support,lan,Tier 2,49.35
Lulu ,13.15,Support,lan,Tier 2,49.77
Rakan ,8.51,Support,lan,Tier 2,50.22
Lux ,9.67,Support,lan,Tier 2,50.36
Blitzcrank ,14.65,Support,lan,Tier 1,52.49
Amumu ,6.2,Support,lan,Tier 1,51.51
Thresh ,18.14,Support,lan,Tier 2,49.3
Sivir ,1.44,Bottom,lan,Tier 5,49.61
Tristana ,1.86,Bottom,lan,Tier 5,49.81
Kalista ,1.83,Bottom,lan,Tier 5,49.93
Maokai ,6.95,Support,lan,Tier 1,52.52
Kai'Sa ,11.78,Bottom,lan,Tier 5,48.07
Aphelios ,11.99,Bottom,lan,Tier 4,46.29
Varus ,1.58,Bottom,lan,Tier 5,48.85
Xerath ,0.79,Support,lan,Tier 4,51.63
Leona ,12.39,Support,lan,Tier 1,51.55
Kog'Maw ,0.74,Bottom,lan,Tier 5,50.74
Yasuo ,1.14,Middle,lan,Tier 4,50.52
Swain ,0.68,Support,lan,Tier 3,54.68
Twitch ,1.5,Bottom,lan,Tier 4,52.05
Ashe ,3.56,Bottom,lan,Tier 4,50.65
Samira ,9.31,Bottom,lan,Tier 2,49.4
Jinx ,12.98,Bottom,lan,Tier 3,51.14
Ziggs ,5.3,Bottom,lan,Tier 2,52.55
Caitlyn ,11.2,Bottom,lan,Tier 2,51.02
Draven ,3.36,Bottom,lan,Tier 3,51.77
Lucian ,17.23,Bottom,lan,Tier 2,48.75
Xayah ,18.88,Bottom,lan,Tier 1,50.63
Jhin ,35.36,Bottom,lan,Tier 2,50.38
Ezreal ,18.69,Bottom,lan,Tier 3,48.5
Miss Fortune ,14.29,Bottom,lan,Tier 1,51.37
Jayce ,0.99,Top,lan,Tier 5,47.42
Ryze ,2.74,Middle,lan,Tier 5,44.66
Veigar ,0.8,Middle,lan,Tier 5,49.4
Nunu & Willump ,0.83,Jungle,lan,Tier 5,48.77
Azir ,1.75,Middle,lan,Tier 5,46.86
Corki ,0.87,Middle,lan,Tier 5,51.17
Orianna ,3.51,Middle,lan,Tier 5,48.6
Malzahar ,1.68,Middle,lan,Tier 5,50.12
Diana ,1.03,Jungle,lan,Tier 5,49.87
Neeko ,0.57,Middle,lan,Tier 5,51.12
Lucian ,2.07,Bottom,lan,Tier 4,47.98
Garen ,0.72,Top,lan,Tier 5,50.8
Vayne ,8.54,Bottom,lan,Tier 2,52.11
Xerath ,2.34,Support,lan,Tier 4,48.4
Sett ,0.95,Top,lan,Tier 5,50.18
Vladimir ,1.94,Middle,lan,Tier 4,50.82
Syndra ,4.66,Middle,lan,Tier 4,48.54
Lux ,3.07,Support,lan,Tier 4,49.96
Tryndamere ,0.76,Top,lan,Tier 4,51.2
Rumble ,1.22,Top,lan,Tier 4,52.16
Viktor ,3.18,Middle,lan,Tier 4,50.63
Cassiopeia ,1.57,Middle,lan,Tier 3,51.77
Irelia ,4.48,Top,lan,Tier 3,47.55
Annie ,1.09,Middle,lan,Tier 3,52.98
Malphite ,0.97,Top,lan,Tier 4,51.08
Ekko ,2.68,Jungle,lan,Tier 3,50.18
Akali ,5.96,Middle,lan,Tier 3,48.67
Ahri ,3.42,Middle,lan,Tier 3,51.81
Aurelion Sol ,0.67,Middle,lan,Tier 3,54.41
Lissandra ,3.78,Middle,lan,Tier 3,50.61
Yone ,8.78,Middle,lan,Tier 3,48.34
Pantheon ,2.24,Middle,lan,Tier 3,51.33
Galio ,4.31,Middle,lan,Tier 2,51.33
Zoe ,6.43,Middle,lan,Tier 2,49.86
Qiyana ,3.61,Middle,lan,Tier 2,50.76
Singed ,0.98,Top,lan,Tier 2,55.73
Twisted Fate ,12.51,Middle,lan,Tier 2,49.68
Kassadin ,4.14,Middle,lan,Tier 2,50.89
Sylas ,8.89,Middle,lan,Tier 2,49.46
Fizz ,3.17,Middle,lan,Tier 2,51.48
Yasuo ,10.65,Middle,lan,Tier 2,49.24
LeBlanc ,14.76,Middle,lan,Tier 2,49.21
Talon ,4.68,Jungle,lan,Tier 2,51.42
Renekton ,1.19,Top,lan,Tier 4,51.19
Zed ,10.36,Middle,lan,Tier 1,50.11
Anivia ,3.03,Middle,lan,Tier 2,52.94
Akshan ,4.76,Middle,lan,Tier 1,51.72
Katarina ,8.08,Middle,lan,Tier 1,51.79
Vex ,9.01,Middle,lan,Tier 1,50.86
Shyvana ,0.72,Jungle,lan,Tier 5,46.98
Olaf ,0.98,Jungle,lan,Tier 5,48.38
Udyr ,0.75,Jungle,lan,Tier 5,49.23
Rumble ,0.84,Top,lan,Tier 5,48.58
Sejuani ,1.13,Jungle,lan,Tier 5,51.11
Qiyana ,2.64,Middle,lan,Tier 5,45.47
Ivern ,0.6,Jungle,lan,Tier 5,50.86
Rengar ,0.65,Top,lan,Tier 5,50.72
Diana ,2.53,Jungle,lan,Tier 5,46.18
Lillia ,2.55,Jungle,lan,Tier 5,48.04
Gragas ,2.84,Jungle,lan,Tier 4,50.06
Zed ,1.84,Middle,lan,Tier 4,47.02
Rammus ,1.21,Jungle,lan,Tier 4,50.71
Master Yi ,2.6,Jungle,lan,Tier 4,48.68
Volibear ,1.1,Top,lan,Tier 5,48.94
Kha'Zix ,3.14,Jungle,lan,Tier 4,50.03
Trundle ,1.33,Jungle,lan,Tier 4,50.8
Nocturne ,1.83,Jungle,lan,Tier 4,50.42
Taliyah ,2.86,Jungle,lan,Tier 3,51.75
Fiddlesticks ,2.5,Jungle,lan,Tier 3,51.79
Evelynn ,2.67,Jungle,lan,Tier 3,50.79
Vi ,2.56,Jungle,lan,Tier 3,51.13
Kayn ,6.7,Jungle,lan,Tier 3,49.55
Zac ,4.49,Jungle,lan,Tier 3,51.59
Hecarim ,5.38,Jungle,lan,Tier 3,50.48
Jarvan IV ,5.67,Jungle,lan,Tier 3,50.32
Warwick ,1.97,Jungle,lan,Tier 4,51.75
Ekko ,11.39,Jungle,lan,Tier 2,49.0
Nunu & Willump ,3.29,Jungle,lan,Tier 2,52.13
Talon ,8.62,Jungle,lan,Tier 2,49.01
Xin Zhao ,7.05,Jungle,lan,Tier 2,50.99
Viego ,11.99,Jungle,lan,Tier 2,49.35
Nidalee ,12.42,Jungle,lan,Tier 2,50.31
Lee Sin ,28.36,Jungle,lan,Tier 1,48.37
Karthus ,3.29,Jungle,lan,Tier 2,52.46
Kindred ,6.72,Jungle,lan,Tier 2,50.91
Poppy ,5.8,Jungle,lan,Tier 1,51.8
Shaco ,4.21,Jungle,lan,Tier 2,51.39
Rek'Sai ,3.8,Jungle,lan,Tier 2,52.12
Ryze ,1.17,Middle,lan,Tier 5,46.31
Elise ,6.81,Jungle,lan,Tier 1,51.35
Graves ,18.07,Jungle,lan,Tier 1,52.06
Zac ,0.53,Jungle,lan,Tier 5,50.66
Gragas ,0.68,Jungle,lan,Tier 5,48.64
Viktor ,0.55,Middle,lan,Tier 5,49.35
Trundle ,0.7,Jungle,lan,Tier 5,48.25
Cho'Gath ,0.67,Top,lan,Tier 5,51.65
Rumble ,1.41,Top,lan,Tier 5,49.12
Cassiopeia ,0.73,Middle,lan,Tier 5,50.51
Maokai ,0.8,Support,lan,Tier 5,50.47
Gwen ,3.06,Top,lan,Tier 5,46.94
Volibear ,1.62,Top,lan,Tier 5,49.14
Illaoi ,0.93,Top,lan,Tier 5,49.54
Dr. Mundo ,0.82,Top,lan,Tier 4,51.47
Kayle ,1.03,Top,lan,Tier 5,51.35
Mordekaiser ,2.35,Top,lan,Tier 4,48.72
Yorick ,0.78,Top,lan,Tier 4,51.6
Yasuo ,1.98,Middle,lan,Tier 4,48.19
Vladimir ,1.45,Middle,lan,Tier 5,49.82
Yone ,3.42,Middle,lan,Tier 4,47.74
Lillia ,1.61,Jungle,lan,Tier 4,49.58
Warwick ,1.01,Jungle,lan,Tier 4,51.16
Pantheon ,0.55,Middle,lan,Tier 4,51.9
Heimerdinger ,0.99,Top,lan,Tier 4,50.56
Urgot ,1.32,Top,lan,Tier 4,51.49
Gnar ,3.01,Top,lan,Tier 4,49.79
Sion ,2.25,Top,lan,Tier 3,51.65
Ornn ,3.51,Top,lan,Tier 3,51.04
Jayce ,10.85,Top,lan,Tier 4,45.64
Gangplank ,2.56,Top,lan,Tier 3,50.33
Kennen ,5.36,Top,lan,Tier 3,48.95
Riven ,4.06,Top,lan,Tier 3,49.95
Akali ,5.01,Middle,lan,Tier 3,49.17
Singed ,1.19,Top,lan,Tier 3,51.92
Rengar ,1.59,Top,lan,Tier 3,52.04
Nasus ,1.96,Top,lan,Tier 3,52.04
Tryndamere ,1.78,Top,lan,Tier 3,51.12
Garen ,2.95,Top,lan,Tier 3,50.8
Sylas ,5.74,Middle,lan,Tier 2,49.1
Wukong ,2.53,Top,lan,Tier 2,51.67
Quinn ,1.14,Top,lan,Tier 2,52.66
Kled ,1.86,Top,lan,Tier 2,52.94
Sett ,6.57,Top,lan,Tier 2,49.62
Graves ,5.53,Jungle,lan,Tier 2,49.37
Shen ,3.34,Top,lan,Tier 2,52.6
Renekton ,8.49,Top,lan,Tier 2,50.07
Darius ,7.31,Top,lan,Tier 2,50.3
Aatrox ,7.93,Top,lan,Tier 2,49.79
Irelia ,9.1,Top,lan,Tier 2,49.17
Vayne ,5.71,Bottom,lan,Tier 2,50.34
Teemo ,6.9,Top,lan,Tier 1,49.25
Malphite ,5.6,Top,lan,Tier 2,50.74
Jax ,4.55,Top,lan,Tier 2,50.02
Poppy ,3.15,Jungle,lan,Tier 1,53.85
Fiora ,8.7,Top,lan,Tier 1,50.25
Tahm Kench ,4.9,Top,lan,Tier 1,52.81
Camille ,14.22,Top,lan,Tier 1,52.52
Ziggs ,5.3,Bottom,lan,Tier 2,52.55
Vayne ,8.54,Bottom,lan,Tier 2,52.11
Twitch ,1.5,Bottom,lan,Tier 4,52.05
Varus ,1.58,Bottom,lan,Tier 5,48.85
Tristana ,1.86,Bottom,lan,Tier 5,49.81
Xayah ,18.88,Bottom,lan,Tier 1,50.63
Samira ,9.31,Bottom,lan,Tier 2,49.4
Sivir ,1.44,Bottom,lan,Tier 5,49.61
Lucian ,17.23,Bottom,lan,Tier 2,48.75
Kalista ,1.83,Bottom,lan,Tier 5,49.93
Miss Fortune ,14.29,Bottom,lan,Tier 1,51.37
Kog'Maw ,0.74,Bottom,lan,Tier 5,50.74
Jhin ,35.36,Bottom,lan,Tier 2,50.38
Kai'Sa ,11.78,Bottom,lan,Tier 5,48.07
Jinx ,12.98,Bottom,lan,Tier 3,51.14
Ezreal ,18.69,Bottom,lan,Tier 3,48.5
Draven ,3.36,Bottom,lan,Tier 3,51.77
Brand ,1.4,Support,las,Tier 5,49.62
Ashe ,3.56,Bottom,lan,Tier 4,50.65
Sett ,0.87,Top,las,Tier 5,46.97
Shen ,0.72,Top,las,Tier 5,48.99
Anivia ,0.65,Middle,las,Tier 5,49.98
Gragas ,0.95,Jungle,las,Tier 5,49.28
Caitlyn ,11.2,Bottom,lan,Tier 2,51.02
Aphelios ,11.99,Bottom,lan,Tier 4,46.29
Veigar ,0.64,Middle,las,Tier 5,49.65
Pantheon ,1.77,Middle,las,Tier 5,47.56
Seraphine ,1.36,Support,las,Tier 5,47.63
Vex ,0.89,Middle,las,Tier 5,47.08
Galio ,1.83,Middle,las,Tier 4,48.67
Vel'Koz ,1.23,Support,las,Tier 5,49.53
Swain ,1.28,Support,las,Tier 4,50.13
Zac ,0.93,Jungle,las,Tier 4,50.17
Braum ,2.45,Support,las,Tier 4,49.21
Senna ,3.21,Support,las,Tier 4,48.93
Janna ,1.95,Support,las,Tier 4,50.85
Karma ,6.39,Support,las,Tier 3,49.21
Soraka ,3.72,Support,las,Tier 3,51.98
Taric ,0.79,Support,las,Tier 4,52.66
Taliyah ,0.56,Jungle,las,Tier 3,54.71
Sona ,0.92,Support,las,Tier 4,51.72
Zilean ,4.62,Support,las,Tier 3,50.36
Bard ,2.46,Support,las,Tier 3,51.06
Yuumi ,12.53,Support,las,Tier 3,46.78
Zyra ,2.03,Support,las,Tier 3,52.94
Alistar ,5.3,Support,las,Tier 3,50.49
Nautilus ,5.72,Support,las,Tier 2,50.0
Nami ,9.14,Support,las,Tier 2,49.43
Shaco ,1.65,Jungle,las,Tier 3,50.92
Rell ,2.02,Support,las,Tier 2,52.34
Morgana ,5.64,Support,las,Tier 2,49.3
Lux ,9.67,Support,las,Tier 2,50.36
Pyke ,8.03,Support,las,Tier 2,49.97
Thresh ,18.14,Support,las,Tier 2,49.3
Rakan ,8.51,Support,las,Tier 2,50.22
Xerath ,7.86,Support,las,Tier 2,49.35
Lulu ,13.15,Support,las,Tier 2,49.77
Maokai ,6.95,Support,las,Tier 1,52.52
Amumu ,6.2,Support,las,Tier 1,51.51
Blitzcrank ,14.65,Support,las,Tier 1,52.49
Varus ,1.58,Bottom,las,Tier 5,48.85
Sivir ,1.44,Bottom,las,Tier 5,49.61
Kai'Sa ,11.78,Bottom,las,Tier 5,48.07
Leona ,12.39,Support,las,Tier 1,51.55
Aphelios ,11.99,Bottom,las,Tier 4,46.29
Yasuo ,1.14,Middle,las,Tier 4,50.52
Twitch ,1.5,Bottom,las,Tier 4,52.05
Kog'Maw ,0.74,Bottom,las,Tier 5,50.74
Xerath ,0.79,Support,las,Tier 4,51.63
Swain ,0.68,Support,las,Tier 3,54.68
Ashe ,3.56,Bottom,las,Tier 4,50.65
Kalista ,1.83,Bottom,las,Tier 5,49.93
Tristana ,1.86,Bottom,las,Tier 5,49.81
Ezreal ,18.69,Bottom,las,Tier 3,48.5
Draven ,3.36,Bottom,las,Tier 3,51.77
Jinx ,12.98,Bottom,las,Tier 3,51.14
Samira ,9.31,Bottom,las,Tier 2,49.4
Ziggs ,5.3,Bottom,las,Tier 2,52.55
Jhin ,35.36,Bottom,las,Tier 2,50.38
Xayah ,18.88,Bottom,las,Tier 1,50.63
Lucian ,17.23,Bottom,las,Tier 2,48.75
Miss Fortune ,14.29,Bottom,las,Tier 1,51.37
Ryze ,2.74,Middle,las,Tier 5,44.66
Caitlyn ,11.2,Bottom,las,Tier 2,51.02
Vayne ,8.54,Bottom,las,Tier 2,52.11
Jayce ,0.99,Top,las,Tier 5,47.42
Azir ,1.75,Middle,las,Tier 5,46.86
Veigar ,0.8,Middle,las,Tier 5,49.4
Diana ,1.03,Jungle,las,Tier 5,49.87
Nunu & Willump ,0.83,Jungle,las,Tier 5,48.77
Sett ,0.95,Top,las,Tier 5,50.18
Orianna ,3.51,Middle,las,Tier 5,48.6
Neeko ,0.57,Middle,las,Tier 5,51.12
Lucian ,2.07,Bottom,las,Tier 4,47.98
Xerath ,2.34,Support,las,Tier 4,48.4
Syndra ,4.66,Middle,las,Tier 4,48.54
Malzahar ,1.68,Middle,las,Tier 5,50.12
Garen ,0.72,Top,las,Tier 5,50.8
Vladimir ,1.94,Middle,las,Tier 4,50.82
Tryndamere ,0.76,Top,las,Tier 4,51.2
Rumble ,1.22,Top,las,Tier 4,52.16
Renekton ,1.19,Top,las,Tier 4,51.19
Corki ,0.87,Middle,las,Tier 5,51.17
Viktor ,3.18,Middle,las,Tier 4,50.63
Lux ,3.07,Support,las,Tier 4,49.96
Akali ,5.96,Middle,las,Tier 3,48.67
Malphite ,0.97,Top,las,Tier 4,51.08
Pantheon ,2.24,Middle,las,Tier 3,51.33
Irelia ,4.48,Top,las,Tier 3,47.55
Cassiopeia ,1.57,Middle,las,Tier 3,51.77
Annie ,1.09,Middle,las,Tier 3,52.98
Aurelion Sol ,0.67,Middle,las,Tier 3,54.41
Ahri ,3.42,Middle,las,Tier 3,51.81
Yone ,8.78,Middle,las,Tier 3,48.34
Lissandra ,3.78,Middle,las,Tier 3,50.61
Galio ,4.31,Middle,las,Tier 2,51.33
Kassadin ,4.14,Middle,las,Tier 2,50.89
Ekko ,2.68,Jungle,las,Tier 3,50.18
Singed ,0.98,Top,las,Tier 2,55.73
Twisted Fate ,12.51,Middle,las,Tier 2,49.68
Zoe ,6.43,Middle,las,Tier 2,49.86
Yasuo ,10.65,Middle,las,Tier 2,49.24
Qiyana ,3.61,Middle,las,Tier 2,50.76
LeBlanc ,14.76,Middle,las,Tier 2,49.21
Talon ,4.68,Jungle,las,Tier 2,51.42
Sylas ,8.89,Middle,las,Tier 2,49.46
Fizz ,3.17,Middle,las,Tier 2,51.48
Vex ,9.01,Middle,las,Tier 1,50.86
Katarina ,8.08,Middle,las,Tier 1,51.79
Akshan ,4.76,Middle,las,Tier 1,51.72
Zed ,10.36,Middle,las,Tier 1,50.11
Anivia ,3.03,Middle,las,Tier 2,52.94
Shyvana ,0.72,Jungle,las,Tier 5,46.98
Volibear ,1.1,Top,las,Tier 5,48.94
Diana ,2.53,Jungle,las,Tier 5,46.18
Udyr ,0.75,Jungle,las,Tier 5,49.23
Ivern ,0.6,Jungle,las,Tier 5,50.86
Rumble ,0.84,Top,las,Tier 5,48.58
Lillia ,2.55,Jungle,las,Tier 5,48.04
Qiyana ,2.64,Middle,las,Tier 5,45.47
Sejuani ,1.13,Jungle,las,Tier 5,51.11
Rengar ,0.65,Top,las,Tier 5,50.72
Trundle ,1.33,Jungle,las,Tier 4,50.8
Olaf ,0.98,Jungle,las,Tier 5,48.38
Zed ,1.84,Middle,las,Tier 4,47.02
Master Yi ,2.6,Jungle,las,Tier 4,48.68
Rammus ,1.21,Jungle,las,Tier 4,50.71
Nocturne ,1.83,Jungle,las,Tier 4,50.42
Warwick ,1.97,Jungle,las,Tier 4,51.75
Gragas ,2.84,Jungle,las,Tier 4,50.06
Kha'Zix ,3.14,Jungle,las,Tier 4,50.03
Evelynn ,2.67,Jungle,las,Tier 3,50.79
Vi ,2.56,Jungle,las,Tier 3,51.13
Taliyah ,2.86,Jungle,las,Tier 3,51.75
Hecarim ,5.38,Jungle,las,Tier 3,50.48
Jarvan IV ,5.67,Jungle,las,Tier 3,50.32
Zac ,4.49,Jungle,las,Tier 3,51.59
Fiddlesticks ,2.5,Jungle,las,Tier 3,51.79
Kayn ,6.7,Jungle,las,Tier 3,49.55
Nunu & Willump ,3.29,Jungle,las,Tier 2,52.13
Xin Zhao ,7.05,Jungle,las,Tier 2,50.99
Talon ,8.62,Jungle,las,Tier 2,49.01
Viego ,11.99,Jungle,las,Tier 2,49.35
Karthus ,3.29,Jungle,las,Tier 2,52.46
Shaco ,4.21,Jungle,las,Tier 2,51.39
Ekko ,11.39,Jungle,las,Tier 2,49.0
Kindred ,6.72,Jungle,las,Tier 2,50.91
Rek'Sai ,3.8,Jungle,las,Tier 2,52.12
Ryze ,1.17,Middle,las,Tier 5,46.31
Elise ,6.81,Jungle,las,Tier 1,51.35
Graves ,18.07,Jungle,las,Tier 1,52.06
Poppy ,5.8,Jungle,las,Tier 1,51.8
Lee Sin ,28.36,Jungle,las,Tier 1,48.37
Gragas ,0.68,Jungle,las,Tier 5,48.64
Viktor ,0.55,Middle,las,Tier 5,49.35
Illaoi ,0.93,Top,las,Tier 5,49.54
Trundle ,0.7,Jungle,las,Tier 5,48.25
Rumble ,1.41,Top,las,Tier 5,49.12
Cho'Gath ,0.67,Top,las,Tier 5,51.65
Cassiopeia ,0.73,Middle,las,Tier 5,50.51
Zac ,0.53,Jungle,las,Tier 5,50.66
Volibear ,1.62,Top,las,Tier 5,49.14
Gwen ,3.06,Top,las,Tier 5,46.94
Warwick ,1.01,Jungle,las,Tier 4,51.16
Kayle ,1.03,Top,las,Tier 5,51.35
Yorick ,0.78,Top,las,Tier 4,51.6
Vladimir ,1.45,Middle,las,Tier 5,49.82
Mordekaiser ,2.35,Top,las,Tier 4,48.72
Dr. Mundo ,0.82,Top,las,Tier 4,51.47
Jayce ,10.85,Top,las,Tier 4,45.64
Maokai ,0.8,Support,las,Tier 5,50.47
Lillia ,1.61,Jungle,las,Tier 4,49.58
Yasuo ,1.98,Middle,las,Tier 4,48.19
Pantheon ,0.55,Middle,las,Tier 4,51.9
Heimerdinger ,0.99,Top,las,Tier 4,50.56
Yone ,3.42,Middle,las,Tier 4,47.74
Urgot ,1.32,Top,las,Tier 4,51.49
Riven ,4.06,Top,las,Tier 3,49.95
Sion ,2.25,Top,las,Tier 3,51.65
Singed ,1.19,Top,las,Tier 3,51.92
Akali ,5.01,Middle,las,Tier 3,49.17
Ornn ,3.51,Top,las,Tier 3,51.04
Gnar ,3.01,Top,las,Tier 4,49.79
Nasus ,1.96,Top,las,Tier 3,52.04
Gangplank ,2.56,Top,las,Tier 3,50.33
Garen ,2.95,Top,las,Tier 3,50.8
Kennen ,5.36,Top,las,Tier 3,48.95
Tryndamere ,1.78,Top,las,Tier 3,51.12
Rengar ,1.59,Top,las,Tier 3,52.04
Jax ,4.55,Top,las,Tier 2,50.02
Sett ,6.57,Top,las,Tier 2,49.62
Sylas ,5.74,Middle,las,Tier 2,49.1
Shen ,3.34,Top,las,Tier 2,52.6
Wukong ,2.53,Top,las,Tier 2,51.67
Graves ,5.53,Jungle,las,Tier 2,49.37
Kled ,1.86,Top,las,Tier 2,52.94
Vayne ,5.71,Bottom,las,Tier 2,50.34
Renekton ,8.49,Top,las,Tier 2,50.07
Malphite ,5.6,Top,las,Tier 2,50.74
Aatrox ,7.93,Top,las,Tier 2,49.79
Darius ,7.31,Top,las,Tier 2,50.3
Teemo ,6.9,Top,las,Tier 1,49.25
Irelia ,9.1,Top,las,Tier 2,49.17
Fiora ,8.7,Top,las,Tier 1,50.25
Quinn ,1.14,Top,las,Tier 2,52.66
Poppy ,3.15,Jungle,las,Tier 1,53.85
Ziggs ,5.3,Bottom,las,Tier 2,52.55
Camille ,14.22,Top,las,Tier 1,52.52
Tahm Kench ,4.9,Top,las,Tier 1,52.81
Varus ,1.58,Bottom,las,Tier 5,48.85
Vayne ,8.54,Bottom,las,Tier 2,52.11
Twitch ,1.5,Bottom,las,Tier 4,52.05
Tristana ,1.86,Bottom,las,Tier 5,49.81
Sivir ,1.44,Bottom,las,Tier 5,49.61
Samira ,9.31,Bottom,las,Tier 2,49.4
Xayah ,18.88,Bottom,las,Tier 1,50.63
Miss Fortune ,14.29,Bottom,las,Tier 1,51.37
Lucian ,17.23,Bottom,las,Tier 2,48.75
Kog'Maw ,0.74,Bottom,las,Tier 5,50.74
Jinx ,12.98,Bottom,las,Tier 3,51.14
Kai'Sa ,11.78,Bottom,las,Tier 5,48.07
Kalista ,1.83,Bottom,las,Tier 5,49.93
Jhin ,35.36,Bottom,las,Tier 2,50.38
Ezreal ,18.69,Bottom,las,Tier 3,48.5
Brand ,1.4,Support,na,Tier 5,49.62
Draven ,3.36,Bottom,las,Tier 3,51.77
Galio ,1.83,Middle,na,Tier 4,48.67
Zac ,0.93,Jungle,na,Tier 4,50.17
Ashe ,3.56,Bottom,las,Tier 4,50.65
Caitlyn ,11.2,Bottom,las,Tier 2,51.02
Sona ,0.92,Support,na,Tier 4,51.72
Braum ,2.45,Support,na,Tier 4,49.21
Janna ,1.95,Support,na,Tier 4,50.85
Aphelios ,11.99,Bottom,las,Tier 4,46.29
Anivia ,0.65,Middle,na,Tier 5,49.98
Swain ,1.28,Support,na,Tier 4,50.13
Taric ,0.79,Support,na,Tier 4,52.66
Bard ,2.46,Support,na,Tier 3,51.06
Zilean ,4.62,Support,na,Tier 3,50.36
Senna ,3.21,Support,na,Tier 4,48.93
Karma ,6.39,Support,na,Tier 3,49.21
Taliyah ,0.56,Jungle,na,Tier 3,54.71
Zyra ,2.03,Support,na,Tier 3,52.94
Shaco ,1.65,Jungle,na,Tier 3,50.92
Soraka ,3.72,Support,na,Tier 3,51.98
Alistar ,5.3,Support,na,Tier 3,50.49
Rell ,2.02,Support,na,Tier 2,52.34
Yuumi ,12.53,Support,na,Tier 3,46.78
Pyke ,8.03,Support,na,Tier 2,49.97
Nami ,9.14,Support,na,Tier 2,49.43
Nautilus ,5.72,Support,na,Tier 2,50.0
Morgana ,5.64,Support,na,Tier 2,49.3
Xerath ,7.86,Support,na,Tier 2,49.35
Lux ,9.67,Support,na,Tier 2,50.36
Maokai ,6.95,Support,na,Tier 1,52.52
Lulu ,13.15,Support,na,Tier 2,49.77
Leona ,12.39,Support,na,Tier 1,51.55
Amumu ,6.2,Support,na,Tier 1,51.51
Kalista ,1.83,Bottom,na,Tier 5,49.93
Sivir ,1.44,Bottom,na,Tier 5,49.61
Blitzcrank ,14.65,Support,na,Tier 1,52.49
Aphelios ,11.99,Bottom,na,Tier 4,46.29
Thresh ,18.14,Support,na,Tier 2,49.3
Tristana ,1.86,Bottom,na,Tier 5,49.81
Twitch ,1.5,Bottom,na,Tier 4,52.05
Kog'Maw ,0.74,Bottom,na,Tier 5,50.74
Kai'Sa ,11.78,Bottom,na,Tier 5,48.07
Rakan ,8.51,Support,na,Tier 2,50.22
Varus ,1.58,Bottom,na,Tier 5,48.85
Yasuo ,1.14,Middle,na,Tier 4,50.52
Xerath ,0.79,Support,na,Tier 4,51.63
Ashe ,3.56,Bottom,na,Tier 4,50.65
Draven ,3.36,Bottom,na,Tier 3,51.77
Jinx ,12.98,Bottom,na,Tier 3,51.14
Lucian ,17.23,Bottom,na,Tier 2,48.75
Caitlyn ,11.2,Bottom,na,Tier 2,51.02
Jhin ,35.36,Bottom,na,Tier 2,50.38
Swain ,0.68,Support,na,Tier 3,54.68
Vayne ,8.54,Bottom,na,Tier 2,52.11
Ryze ,2.74,Middle,na,Tier 5,44.66
Samira ,9.31,Bottom,na,Tier 2,49.4
Miss Fortune ,14.29,Bottom,na,Tier 1,51.37
Xayah ,18.88,Bottom,na,Tier 1,50.63
Ziggs ,5.3,Bottom,na,Tier 2,52.55
Veigar ,0.8,Middle,na,Tier 5,49.4
Jayce ,0.99,Top,na,Tier 5,47.42
Nunu & Willump ,0.83,Jungle,na,Tier 5,48.77
Azir ,1.75,Middle,na,Tier 5,46.86
Corki ,0.87,Middle,na,Tier 5,51.17
Ezreal ,18.69,Bottom,na,Tier 3,48.5
Garen ,0.72,Top,na,Tier 5,50.8
Orianna ,3.51,Middle,na,Tier 5,48.6
Sett ,0.95,Top,na,Tier 5,50.18
Neeko ,0.57,Middle,na,Tier 5,51.12
Tryndamere ,0.76,Top,na,Tier 4,51.2
Lucian ,2.07,Bottom,na,Tier 4,47.98
Malzahar ,1.68,Middle,na,Tier 5,50.12
Syndra ,4.66,Middle,na,Tier 4,48.54
Diana ,1.03,Jungle,na,Tier 5,49.87
Lux ,3.07,Support,na,Tier 4,49.96
Renekton ,1.19,Top,na,Tier 4,51.19
Annie ,1.09,Middle,na,Tier 3,52.98
Vladimir ,1.94,Middle,na,Tier 4,50.82
Malphite ,0.97,Top,na,Tier 4,51.08
Rumble ,1.22,Top,na,Tier 4,52.16
Cassiopeia ,1.57,Middle,na,Tier 3,51.77
Irelia ,4.48,Top,na,Tier 3,47.55
Akali ,5.96,Middle,na,Tier 3,48.67
Ekko ,2.68,Jungle,na,Tier 3,50.18
Aurelion Sol ,0.67,Middle,na,Tier 3,54.41
Ahri ,3.42,Middle,na,Tier 3,51.81
Lissandra ,3.78,Middle,na,Tier 3,50.61
Viktor ,3.18,Middle,na,Tier 4,50.63
Zoe ,6.43,Middle,na,Tier 2,49.86
Yone ,8.78,Middle,na,Tier 3,48.34
Pantheon ,2.24,Middle,na,Tier 3,51.33
Xerath ,2.34,Support,na,Tier 4,48.4
Sylas ,8.89,Middle,na,Tier 2,49.46
Kassadin ,4.14,Middle,na,Tier 2,50.89
Singed ,0.98,Top,na,Tier 2,55.73
Qiyana ,3.61,Middle,na,Tier 2,50.76
Fizz ,3.17,Middle,na,Tier 2,51.48
Twisted Fate ,12.51,Middle,na,Tier 2,49.68
Talon ,4.68,Jungle,na,Tier 2,51.42
Galio ,4.31,Middle,na,Tier 2,51.33
Anivia ,3.03,Middle,na,Tier 2,52.94
Vex ,9.01,Middle,na,Tier 1,50.86
Katarina ,8.08,Middle,na,Tier 1,51.79
Zed ,10.36,Middle,na,Tier 1,50.11
Diana ,2.53,Jungle,na,Tier 5,46.18
Akshan ,4.76,Middle,na,Tier 1,51.72
Yasuo ,10.65,Middle,na,Tier 2,49.24
Shyvana ,0.72,Jungle,na,Tier 5,46.98
LeBlanc ,14.76,Middle,na,Tier 2,49.21
Olaf ,0.98,Jungle,na,Tier 5,48.38
Volibear ,1.1,Top,na,Tier 5,48.94
Udyr ,0.75,Jungle,na,Tier 5,49.23
Qiyana ,2.64,Middle,na,Tier 5,45.47
Rumble ,0.84,Top,na,Tier 5,48.58
Master Yi ,2.6,Jungle,na,Tier 4,48.68
Zed ,1.84,Middle,na,Tier 4,47.02
Trundle ,1.33,Jungle,na,Tier 4,50.8
Sejuani ,1.13,Jungle,na,Tier 5,51.11
Lillia ,2.55,Jungle,na,Tier 5,48.04
Ivern ,0.6,Jungle,na,Tier 5,50.86
Rengar ,0.65,Top,na,Tier 5,50.72
Gragas ,2.84,Jungle,na,Tier 4,50.06
Nocturne ,1.83,Jungle,na,Tier 4,50.42
Kha'Zix ,3.14,Jungle,na,Tier 4,50.03
Rammus ,1.21,Jungle,na,Tier 4,50.71
Jarvan IV ,5.67,Jungle,na,Tier 3,50.32
Evelynn ,2.67,Jungle,na,Tier 3,50.79
Warwick ,1.97,Jungle,na,Tier 4,51.75
Fiddlesticks ,2.5,Jungle,na,Tier 3,51.79
Vi ,2.56,Jungle,na,Tier 3,51.13
Kayn ,6.7,Jungle,na,Tier 3,49.55
Hecarim ,5.38,Jungle,na,Tier 3,50.48
Taliyah ,2.86,Jungle,na,Tier 3,51.75
Ekko ,11.39,Jungle,na,Tier 2,49.0
Zac ,4.49,Jungle,na,Tier 3,51.59
Talon ,8.62,Jungle,na,Tier 2,49.01
Viego ,11.99,Jungle,na,Tier 2,49.35
Nunu & Willump ,3.29,Jungle,na,Tier 2,52.13
Xin Zhao ,7.05,Jungle,na,Tier 2,50.99
Kindred ,6.72,Jungle,na,Tier 2,50.91
Shaco ,4.21,Jungle,na,Tier 2,51.39
Rek'Sai ,3.8,Jungle,na,Tier 2,52.12
Karthus ,3.29,Jungle,na,Tier 2,52.46
Poppy ,5.8,Jungle,na,Tier 1,51.8
Lee Sin ,28.36,Jungle,na,Tier 1,48.37
Elise ,6.81,Jungle,na,Tier 1,51.35
Graves ,18.07,Jungle,na,Tier 1,52.06
Nidalee ,12.42,Jungle,na,Tier 2,50.31
Ryze ,1.17,Middle,na,Tier 5,46.31
Trundle ,0.7,Jungle,na,Tier 5,48.25
Gragas ,0.68,Jungle,na,Tier 5,48.64
Illaoi ,0.93,Top,na,Tier 5,49.54
Viktor ,0.55,Middle,na,Tier 5,49.35
Rumble ,1.41,Top,na,Tier 5,49.12
Cassiopeia ,0.73,Middle,na,Tier 5,50.51
Cho'Gath ,0.67,Top,na,Tier 5,51.65
Zac ,0.53,Jungle,na,Tier 5,50.66
Gwen ,3.06,Top,na,Tier 5,46.94
Maokai ,0.8,Support,na,Tier 5,50.47
Volibear ,1.62,Top,na,Tier 5,49.14
Kayle ,1.03,Top,na,Tier 5,51.35
Vladimir ,1.45,Middle,na,Tier 5,49.82
Mordekaiser ,2.35,Top,na,Tier 4,48.72
Dr. Mundo ,0.82,Top,na,Tier 4,51.47
Lillia ,1.61,Jungle,na,Tier 4,49.58
Yorick ,0.78,Top,na,Tier 4,51.6
Jayce ,10.85,Top,na,Tier 4,45.64
Warwick ,1.01,Jungle,na,Tier 4,51.16
Yasuo ,1.98,Middle,na,Tier 4,48.19
Pantheon ,0.55,Middle,na,Tier 4,51.9
Yone ,3.42,Middle,na,Tier 4,47.74
Urgot ,1.32,Top,na,Tier 4,51.49
Heimerdinger ,0.99,Top,na,Tier 4,50.56
Gnar ,3.01,Top,na,Tier 4,49.79
Singed ,1.19,Top,na,Tier 3,51.92
Sion ,2.25,Top,na,Tier 3,51.65
Ornn ,3.51,Top,na,Tier 3,51.04
Riven ,4.06,Top,na,Tier 3,49.95
Gangplank ,2.56,Top,na,Tier 3,50.33
Tryndamere ,1.78,Top,na,Tier 3,51.12
Kennen ,5.36,Top,na,Tier 3,48.95
Akali ,5.01,Middle,na,Tier 3,49.17
Rengar ,1.59,Top,na,Tier 3,52.04
Nasus ,1.96,Top,na,Tier 3,52.04
Quinn ,1.14,Top,na,Tier 2,52.66
Garen ,2.95,Top,na,Tier 3,50.8
Sett ,6.57,Top,na,Tier 2,49.62
Wukong ,2.53,Top,na,Tier 2,51.67
Shen ,3.34,Top,na,Tier 2,52.6
Jax ,4.55,Top,na,Tier 2,50.02
Sylas ,5.74,Middle,na,Tier 2,49.1
Aatrox ,7.93,Top,na,Tier 2,49.79
Kled ,1.86,Top,na,Tier 2,52.94
Graves ,5.53,Jungle,na,Tier 2,49.37
Vayne ,5.71,Bottom,na,Tier 2,50.34
Renekton ,8.49,Top,na,Tier 2,50.07
Irelia ,9.1,Top,na,Tier 2,49.17
Malphite ,5.6,Top,na,Tier 2,50.74
Darius ,7.31,Top,na,Tier 2,50.3
Teemo ,6.9,Top,na,Tier 1,49.25
Poppy ,3.15,Jungle,na,Tier 1,53.85
Camille ,14.22,Top,na,Tier 1,52.52
Fiora ,8.7,Top,na,Tier 1,50.25
Tahm Kench ,4.9,Top,na,Tier 1,52.81
Ziggs ,5.3,Bottom,na,Tier 2,52.55
Xayah ,18.88,Bottom,na,Tier 1,50.63
Vayne ,8.54,Bottom,na,Tier 2,52.11
Varus ,1.58,Bottom,na,Tier 5,48.85
Tristana ,1.86,Bottom,na,Tier 5,49.81
Twitch ,1.5,Bottom,na,Tier 4,52.05
Sivir ,1.44,Bottom,na,Tier 5,49.61
Samira ,9.31,Bottom,na,Tier 2,49.4
Miss Fortune ,14.29,Bottom,na,Tier 1,51.37
Lucian ,17.23,Bottom,na,Tier 2,48.75
Kog'Maw ,0.74,Bottom,na,Tier 5,50.74
Jinx ,12.98,Bottom,na,Tier 3,51.14
Jhin ,35.36,Bottom,na,Tier 2,50.38
Kalista ,1.83,Bottom,na,Tier 5,49.93
Kai'Sa ,11.78,Bottom,na,Tier 5,48.07
Ezreal ,18.69,Bottom,na,Tier 3,48.5
Draven ,3.36,Bottom,na,Tier 3,51.77
Caitlyn ,11.2,Bottom,na,Tier 2,51.02
Ashe ,3.56,Bottom,na,Tier 4,50.65
Aphelios ,11.99,Bottom,na,Tier 4,46.29
Zac ,0.93,Jungle,tr,Tier 4,50.17
Sona ,0.92,Support,tr,Tier 4,51.72
Anivia ,0.65,Middle,tr,Tier 5,49.98
Galio ,1.83,Middle,tr,Tier 4,48.67
Brand ,1.4,Support,tr,Tier 5,49.62
Pantheon ,1.77,Middle,tr,Tier 5,47.56
Janna ,1.95,Support,tr,Tier 4,50.85
Braum ,2.45,Support,tr,Tier 4,49.21
Senna ,3.21,Support,tr,Tier 4,48.93
Swain ,1.28,Support,tr,Tier 4,50.13
Soraka ,3.72,Support,tr,Tier 3,51.98
Taric ,0.79,Support,tr,Tier 4,52.66
Bard ,2.46,Support,tr,Tier 3,51.06
Zilean ,4.62,Support,tr,Tier 3,50.36
Taliyah ,0.56,Jungle,tr,Tier 3,54.71
Karma ,6.39,Support,tr,Tier 3,49.21
Yuumi ,12.53,Support,tr,Tier 3,46.78
Shaco ,1.65,Jungle,tr,Tier 3,50.92
Zyra ,2.03,Support,tr,Tier 3,52.94
Alistar ,5.3,Support,tr,Tier 3,50.49
Nautilus ,5.72,Support,tr,Tier 2,50.0
Rakan ,8.51,Support,tr,Tier 2,50.22
Rell ,2.02,Support,tr,Tier 2,52.34
Morgana ,5.64,Support,tr,Tier 2,49.3
Nami ,9.14,Support,tr,Tier 2,49.43
Pyke ,8.03,Support,tr,Tier 2,49.97
Lux ,9.67,Support,tr,Tier 2,50.36
Xerath ,7.86,Support,tr,Tier 2,49.35
Lulu ,13.15,Support,tr,Tier 2,49.77
Maokai ,6.95,Support,tr,Tier 1,52.52
Amumu ,6.2,Support,tr,Tier 1,51.51
Thresh ,18.14,Support,tr,Tier 2,49.3
Leona ,12.39,Support,tr,Tier 1,51.55
Kog'Maw ,0.74,Bottom,tr,Tier 5,50.74
Sivir ,1.44,Bottom,tr,Tier 5,49.61
Blitzcrank ,14.65,Support,tr,Tier 1,52.49
Kalista ,1.83,Bottom,tr,Tier 5,49.93
Yasuo ,1.14,Middle,tr,Tier 4,50.52
Kai'Sa ,11.78,Bottom,tr,Tier 5,48.07
Tristana ,1.86,Bottom,tr,Tier 5,49.81
Aphelios ,11.99,Bottom,tr,Tier 4,46.29
Varus ,1.58,Bottom,tr,Tier 5,48.85
Ashe ,3.56,Bottom,tr,Tier 4,50.65
Xerath ,0.79,Support,tr,Tier 4,51.63
Twitch ,1.5,Bottom,tr,Tier 4,52.05
Swain ,0.68,Support,tr,Tier 3,54.68
Ezreal ,18.69,Bottom,tr,Tier 3,48.5
Samira ,9.31,Bottom,tr,Tier 2,49.4
Lucian ,17.23,Bottom,tr,Tier 2,48.75
Draven ,3.36,Bottom,tr,Tier 3,51.77
Jhin ,35.36,Bottom,tr,Tier 2,50.38
Jinx ,12.98,Bottom,tr,Tier 3,51.14
Vayne ,8.54,Bottom,tr,Tier 2,52.11
Caitlyn ,11.2,Bottom,tr,Tier 2,51.02
Xayah ,18.88,Bottom,tr,Tier 1,50.63
Ziggs ,5.3,Bottom,tr,Tier 2,52.55
Azir ,1.75,Middle,tr,Tier 5,46.86
Ryze ,2.74,Middle,tr,Tier 5,44.66
Miss Fortune ,14.29,Bottom,tr,Tier 1,51.37
Jayce ,0.99,Top,tr,Tier 5,47.42
Diana ,1.03,Jungle,tr,Tier 5,49.87
Corki ,0.87,Middle,tr,Tier 5,51.17
Veigar ,0.8,Middle,tr,Tier 5,49.4
Orianna ,3.51,Middle,tr,Tier 5,48.6
Neeko ,0.57,Middle,tr,Tier 5,51.12
Lucian ,2.07,Bottom,tr,Tier 4,47.98
Garen ,0.72,Top,tr,Tier 5,50.8
Sett ,0.95,Top,tr,Tier 5,50.18
Nunu & Willump ,0.83,Jungle,tr,Tier 5,48.77
Xerath ,2.34,Support,tr,Tier 4,48.4
Syndra ,4.66,Middle,tr,Tier 4,48.54
Malzahar ,1.68,Middle,tr,Tier 5,50.12
Vladimir ,1.94,Middle,tr,Tier 4,50.82
Tryndamere ,0.76,Top,tr,Tier 4,51.2
Renekton ,1.19,Top,tr,Tier 4,51.19
Lux ,3.07,Support,tr,Tier 4,49.96
Viktor ,3.18,Middle,tr,Tier 4,50.63
Annie ,1.09,Middle,tr,Tier 3,52.98
Irelia ,4.48,Top,tr,Tier 3,47.55
Rumble ,1.22,Top,tr,Tier 4,52.16
Malphite ,0.97,Top,tr,Tier 4,51.08
Aurelion Sol ,0.67,Middle,tr,Tier 3,54.41
Ahri ,3.42,Middle,tr,Tier 3,51.81
Cassiopeia ,1.57,Middle,tr,Tier 3,51.77
Lissandra ,3.78,Middle,tr,Tier 3,50.61
Akali ,5.96,Middle,tr,Tier 3,48.67
Zoe ,6.43,Middle,tr,Tier 2,49.86
Yone ,8.78,Middle,tr,Tier 3,48.34
Pantheon ,2.24,Middle,tr,Tier 3,51.33
Galio ,4.31,Middle,tr,Tier 2,51.33
Qiyana ,3.61,Middle,tr,Tier 2,50.76
Ekko ,2.68,Jungle,tr,Tier 3,50.18
Kassadin ,4.14,Middle,tr,Tier 2,50.89
Twisted Fate ,12.51,Middle,tr,Tier 2,49.68
Anivia ,3.03,Middle,tr,Tier 2,52.94
Sylas ,8.89,Middle,tr,Tier 2,49.46
Fizz ,3.17,Middle,tr,Tier 2,51.48
Yasuo ,10.65,Middle,tr,Tier 2,49.24
Singed ,0.98,Top,tr,Tier 2,55.73
Talon ,4.68,Jungle,tr,Tier 2,51.42
Zed ,10.36,Middle,tr,Tier 1,50.11
Akshan ,4.76,Middle,tr,Tier 1,51.72
Katarina ,8.08,Middle,tr,Tier 1,51.79
LeBlanc ,14.76,Middle,tr,Tier 2,49.21
Shyvana ,0.72,Jungle,tr,Tier 5,46.98
Udyr ,0.75,Jungle,tr,Tier 5,49.23
Vex ,9.01,Middle,tr,Tier 1,50.86
Diana ,2.53,Jungle,tr,Tier 5,46.18
Rumble ,0.84,Top,tr,Tier 5,48.58
Olaf ,0.98,Jungle,tr,Tier 5,48.38
Qiyana ,2.64,Middle,tr,Tier 5,45.47
Ivern ,0.6,Jungle,tr,Tier 5,50.86
Volibear ,1.1,Top,tr,Tier 5,48.94
Rengar ,0.65,Top,tr,Tier 5,50.72
Sejuani ,1.13,Jungle,tr,Tier 5,51.11
Trundle ,1.33,Jungle,tr,Tier 4,50.8
Lillia ,2.55,Jungle,tr,Tier 5,48.04
Master Yi ,2.6,Jungle,tr,Tier 4,48.68
Gragas ,2.84,Jungle,tr,Tier 4,50.06
Nocturne ,1.83,Jungle,tr,Tier 4,50.42
Warwick ,1.97,Jungle,tr,Tier 4,51.75
Rammus ,1.21,Jungle,tr,Tier 4,50.71
Vi ,2.56,Jungle,tr,Tier 3,51.13
Zed ,1.84,Middle,tr,Tier 4,47.02
Kha'Zix ,3.14,Jungle,tr,Tier 4,50.03
Taliyah ,2.86,Jungle,tr,Tier 3,51.75
Evelynn ,2.67,Jungle,tr,Tier 3,50.79
Jarvan IV ,5.67,Jungle,tr,Tier 3,50.32
Hecarim ,5.38,Jungle,tr,Tier 3,50.48
Kayn ,6.7,Jungle,tr,Tier 3,49.55
Fiddlesticks ,2.5,Jungle,tr,Tier 3,51.79
Zac ,4.49,Jungle,tr,Tier 3,51.59
Talon ,8.62,Jungle,tr,Tier 2,49.01
Ekko ,11.39,Jungle,tr,Tier 2,49.0
Nunu & Willump ,3.29,Jungle,tr,Tier 2,52.13
Xin Zhao ,7.05,Jungle,tr,Tier 2,50.99
Rek'Sai ,3.8,Jungle,tr,Tier 2,52.12
Viego ,11.99,Jungle,tr,Tier 2,49.35
Poppy ,5.8,Jungle,tr,Tier 1,51.8
Shaco ,4.21,Jungle,tr,Tier 2,51.39
Nidalee ,12.42,Jungle,tr,Tier 2,50.31
Lee Sin ,28.36,Jungle,tr,Tier 1,48.37
Kindred ,6.72,Jungle,tr,Tier 2,50.91
Karthus ,3.29,Jungle,tr,Tier 2,52.46
Gragas ,0.68,Jungle,tr,Tier 5,48.64
Elise ,6.81,Jungle,tr,Tier 1,51.35
Ryze ,1.17,Middle,tr,Tier 5,46.31
Trundle ,0.7,Jungle,tr,Tier 5,48.25
Viktor ,0.55,Middle,tr,Tier 5,49.35
Illaoi ,0.93,Top,tr,Tier 5,49.54
Graves ,18.07,Jungle,tr,Tier 1,52.06
Cho'Gath ,0.67,Top,tr,Tier 5,51.65
Volibear ,1.62,Top,tr,Tier 5,49.14
Rumble ,1.41,Top,tr,Tier 5,49.12
Cassiopeia ,0.73,Middle,tr,Tier 5,50.51
Zac ,0.53,Jungle,tr,Tier 5,50.66
Gwen ,3.06,Top,tr,Tier 5,46.94
Maokai ,0.8,Support,tr,Tier 5,50.47
Vladimir ,1.45,Middle,tr,Tier 5,49.82
Dr. Mundo ,0.82,Top,tr,Tier 4,51.47
Mordekaiser ,2.35,Top,tr,Tier 4,48.72
Yorick ,0.78,Top,tr,Tier 4,51.6
Jayce ,10.85,Top,tr,Tier 4,45.64
Kayle ,1.03,Top,tr,Tier 5,51.35
Lillia ,1.61,Jungle,tr,Tier 4,49.58
Warwick ,1.01,Jungle,tr,Tier 4,51.16
Yasuo ,1.98,Middle,tr,Tier 4,48.19
Yone ,3.42,Middle,tr,Tier 4,47.74
Pantheon ,0.55,Middle,tr,Tier 4,51.9
Heimerdinger ,0.99,Top,tr,Tier 4,50.56
Sion ,2.25,Top,tr,Tier 3,51.65
Gnar ,3.01,Top,tr,Tier 4,49.79
Urgot ,1.32,Top,tr,Tier 4,51.49
Riven ,4.06,Top,tr,Tier 3,49.95
Akali ,5.01,Middle,tr,Tier 3,49.17
Singed ,1.19,Top,tr,Tier 3,51.92
Kennen ,5.36,Top,tr,Tier 3,48.95
Ornn ,3.51,Top,tr,Tier 3,51.04
Tryndamere ,1.78,Top,tr,Tier 3,51.12
Gangplank ,2.56,Top,tr,Tier 3,50.33
Garen ,2.95,Top,tr,Tier 3,50.8
Nasus ,1.96,Top,tr,Tier 3,52.04
Rengar ,1.59,Top,tr,Tier 3,52.04
Quinn ,1.14,Top,tr,Tier 2,52.66
Wukong ,2.53,Top,tr,Tier 2,51.67
Sylas ,5.74,Middle,tr,Tier 2,49.1
Jax ,4.55,Top,tr,Tier 2,50.02
Kled ,1.86,Top,tr,Tier 2,52.94
Renekton ,8.49,Top,tr,Tier 2,50.07
Aatrox ,7.93,Top,tr,Tier 2,49.79
Sett ,6.57,Top,tr,Tier 2,49.62
Shen ,3.34,Top,tr,Tier 2,52.6
Irelia ,9.1,Top,tr,Tier 2,49.17
Vayne ,5.71,Bottom,tr,Tier 2,50.34
Graves ,5.53,Jungle,tr,Tier 2,49.37
Malphite ,5.6,Top,tr,Tier 2,50.74
Fiora ,8.7,Top,tr,Tier 1,50.25
Camille ,14.22,Top,tr,Tier 1,52.52
Tahm Kench ,4.9,Top,tr,Tier 1,52.81
Darius ,7.31,Top,tr,Tier 2,50.3
Poppy ,3.15,Jungle,tr,Tier 1,53.85
Teemo ,6.9,Top,tr,Tier 1,49.25
Ziggs ,5.3,Bottom,tr,Tier 2,52.55
Xayah ,18.88,Bottom,tr,Tier 1,50.63
Twitch ,1.5,Bottom,tr,Tier 4,52.05
Varus ,1.58,Bottom,tr,Tier 5,48.85
Vayne ,8.54,Bottom,tr,Tier 2,52.11
Sivir ,1.44,Bottom,tr,Tier 5,49.61
Tristana ,1.86,Bottom,tr,Tier 5,49.81
Samira ,9.31,Bottom,tr,Tier 2,49.4
Miss Fortune ,14.29,Bottom,tr,Tier 1,51.37
Kog'Maw ,0.74,Bottom,tr,Tier 5,50.74
Lucian ,17.23,Bottom,tr,Tier 2,48.75
Kai'Sa ,11.78,Bottom,tr,Tier 5,48.07
Jinx ,12.98,Bottom,tr,Tier 3,51.14
Jhin ,35.36,Bottom,tr,Tier 2,50.38
Ezreal ,18.69,Bottom,tr,Tier 3,48.5
Kalista ,1.83,Bottom,tr,Tier 5,49.93
Draven ,3.36,Bottom,tr,Tier 3,51.77
Caitlyn ,11.2,Bottom,tr,Tier 2,51.02
Gragas ,0.95,Jungle,ru,Tier 5,49.28
Ashe ,3.56,Bottom,tr,Tier 4,50.65
Seraphine ,1.36,Support,ru,Tier 5,47.63
Aphelios ,11.99,Bottom,tr,Tier 4,46.29
Sona ,0.92,Support,ru,Tier 4,51.72
Galio ,1.83,Middle,ru,Tier 4,48.67
Brand ,1.4,Support,ru,Tier 5,49.62
Vex ,0.89,Middle,ru,Tier 5,47.08
Swain ,1.28,Support,ru,Tier 4,50.13
Anivia ,0.65,Middle,ru,Tier 5,49.98
Zac ,0.93,Jungle,ru,Tier 4,50.17
Vel'Koz ,1.23,Support,ru,Tier 5,49.53
Pantheon ,1.77,Middle,ru,Tier 5,47.56
Braum ,2.45,Support,ru,Tier 4,49.21
Taric ,0.79,Support,ru,Tier 4,52.66
Janna ,1.95,Support,ru,Tier 4,50.85
Karma ,6.39,Support,ru,Tier 3,49.21
Taliyah ,0.56,Jungle,ru,Tier 3,54.71
Zilean ,4.62,Support,ru,Tier 3,50.36
Soraka ,3.72,Support,ru,Tier 3,51.98
Senna ,3.21,Support,ru,Tier 4,48.93
Yuumi ,12.53,Support,ru,Tier 3,46.78
Shaco ,1.65,Jungle,ru,Tier 3,50.92
Rakan ,8.51,Support,ru,Tier 2,50.22
Bard ,2.46,Support,ru,Tier 3,51.06
Zyra ,2.03,Support,ru,Tier 3,52.94
Xerath ,7.86,Support,ru,Tier 2,49.35
Morgana ,5.64,Support,ru,Tier 2,49.3
Nautilus ,5.72,Support,ru,Tier 2,50.0
Nami ,9.14,Support,ru,Tier 2,49.43
Alistar ,5.3,Support,ru,Tier 3,50.49
Rell ,2.02,Support,ru,Tier 2,52.34
Pyke ,8.03,Support,ru,Tier 2,49.97
Lux ,9.67,Support,ru,Tier 2,50.36
Maokai ,6.95,Support,ru,Tier 1,52.52
Varus ,1.58,Bottom,ru,Tier 5,48.85
Sivir ,1.44,Bottom,ru,Tier 5,49.61
Blitzcrank ,14.65,Support,ru,Tier 1,52.49
Thresh ,18.14,Support,ru,Tier 2,49.3
Kog'Maw ,0.74,Bottom,ru,Tier 5,50.74
Amumu ,6.2,Support,ru,Tier 1,51.51
Leona ,12.39,Support,ru,Tier 1,51.55
Kalista ,1.83,Bottom,ru,Tier 5,49.93
Lulu ,13.15,Support,ru,Tier 2,49.77
Kai'Sa ,11.78,Bottom,ru,Tier 5,48.07
Ashe ,3.56,Bottom,ru,Tier 4,50.65
Twitch ,1.5,Bottom,ru,Tier 4,52.05
Tristana ,1.86,Bottom,ru,Tier 5,49.81
Xerath ,0.79,Support,ru,Tier 4,51.63
Swain ,0.68,Support,ru,Tier 3,54.68
Aphelios ,11.99,Bottom,ru,Tier 4,46.29
Yasuo ,1.14,Middle,ru,Tier 4,50.52
Draven ,3.36,Bottom,ru,Tier 3,51.77
Samira ,9.31,Bottom,ru,Tier 2,49.4
Ezreal ,18.69,Bottom,ru,Tier 3,48.5
Caitlyn ,11.2,Bottom,ru,Tier 2,51.02
Jinx ,12.98,Bottom,ru,Tier 3,51.14
Lucian ,17.23,Bottom,ru,Tier 2,48.75
Ziggs ,5.3,Bottom,ru,Tier 2,52.55
Jhin ,35.36,Bottom,ru,Tier 2,50.38
Miss Fortune ,14.29,Bottom,ru,Tier 1,51.37
Vayne ,8.54,Bottom,ru,Tier 2,52.11
Ryze ,2.74,Middle,ru,Tier 5,44.66
Jayce ,0.99,Top,ru,Tier 5,47.42
Xayah ,18.88,Bottom,ru,Tier 1,50.63
Azir ,1.75,Middle,ru,Tier 5,46.86
Diana ,1.03,Jungle,ru,Tier 5,49.87
Nunu & Willump ,0.83,Jungle,ru,Tier 5,48.77
Veigar ,0.8,Middle,ru,Tier 5,49.4
Corki ,0.87,Middle,ru,Tier 5,51.17
Neeko ,0.57,Middle,ru,Tier 5,51.12
Sett ,0.95,Top,ru,Tier 5,50.18
Orianna ,3.51,Middle,ru,Tier 5,48.6
Malzahar ,1.68,Middle,ru,Tier 5,50.12
Garen ,0.72,Top,ru,Tier 5,50.8
Xerath ,2.34,Support,ru,Tier 4,48.4
Tryndamere ,0.76,Top,ru,Tier 4,51.2
Lucian ,2.07,Bottom,ru,Tier 4,47.98
Syndra ,4.66,Middle,ru,Tier 4,48.54
Viktor ,3.18,Middle,ru,Tier 4,50.63
Vladimir ,1.94,Middle,ru,Tier 4,50.82
Lux ,3.07,Support,ru,Tier 4,49.96
Rumble ,1.22,Top,ru,Tier 4,52.16
Irelia ,4.48,Top,ru,Tier 3,47.55
Cassiopeia ,1.57,Middle,ru,Tier 3,51.77
Ekko ,2.68,Jungle,ru,Tier 3,50.18
Malphite ,0.97,Top,ru,Tier 4,51.08
Annie ,1.09,Middle,ru,Tier 3,52.98
Ahri ,3.42,Middle,ru,Tier 3,51.81
Renekton ,1.19,Top,ru,Tier 4,51.19
Akali ,5.96,Middle,ru,Tier 3,48.67
Aurelion Sol ,0.67,Middle,ru,Tier 3,54.41
Yone ,8.78,Middle,ru,Tier 3,48.34
Lissandra ,3.78,Middle,ru,Tier 3,50.61
Pantheon ,2.24,Middle,ru,Tier 3,51.33
Kassadin ,4.14,Middle,ru,Tier 2,50.89
Galio ,4.31,Middle,ru,Tier 2,51.33
Fizz ,3.17,Middle,ru,Tier 2,51.48
Sylas ,8.89,Middle,ru,Tier 2,49.46
Qiyana ,3.61,Middle,ru,Tier 2,50.76
Yasuo ,10.65,Middle,ru,Tier 2,49.24
Singed ,0.98,Top,ru,Tier 2,55.73
Twisted Fate ,12.51,Middle,ru,Tier 2,49.68
Zoe ,6.43,Middle,ru,Tier 2,49.86
Talon ,4.68,Jungle,ru,Tier 2,51.42
Anivia ,3.03,Middle,ru,Tier 2,52.94
LeBlanc ,14.76,Middle,ru,Tier 2,49.21
Akshan ,4.76,Middle,ru,Tier 1,51.72
Shyvana ,0.72,Jungle,ru,Tier 5,46.98
Katarina ,8.08,Middle,ru,Tier 1,51.79
Zed ,10.36,Middle,ru,Tier 1,50.11
Rumble ,0.84,Top,ru,Tier 5,48.58
Udyr ,0.75,Jungle,ru,Tier 5,49.23
Diana ,2.53,Jungle,ru,Tier 5,46.18
Olaf ,0.98,Jungle,ru,Tier 5,48.38
Vex ,9.01,Middle,ru,Tier 1,50.86
Qiyana ,2.64,Middle,ru,Tier 5,45.47
Volibear ,1.1,Top,ru,Tier 5,48.94
Lillia ,2.55,Jungle,ru,Tier 5,48.04
Rengar ,0.65,Top,ru,Tier 5,50.72
Sejuani ,1.13,Jungle,ru,Tier 5,51.11
Ivern ,0.6,Jungle,ru,Tier 5,50.86
Zed ,1.84,Middle,ru,Tier 4,47.02
Trundle ,1.33,Jungle,ru,Tier 4,50.8
Gragas ,2.84,Jungle,ru,Tier 4,50.06
Master Yi ,2.6,Jungle,ru,Tier 4,48.68
Nocturne ,1.83,Jungle,ru,Tier 4,50.42
Rammus ,1.21,Jungle,ru,Tier 4,50.71
Kha'Zix ,3.14,Jungle,ru,Tier 4,50.03
Vi ,2.56,Jungle,ru,Tier 3,51.13
Hecarim ,5.38,Jungle,ru,Tier 3,50.48
Taliyah ,2.86,Jungle,ru,Tier 3,51.75
Jarvan IV ,5.67,Jungle,ru,Tier 3,50.32
Kayn ,6.7,Jungle,ru,Tier 3,49.55
Nunu & Willump ,3.29,Jungle,ru,Tier 2,52.13
Fiddlesticks ,2.5,Jungle,ru,Tier 3,51.79
Evelynn ,2.67,Jungle,ru,Tier 3,50.79
Warwick ,1.97,Jungle,ru,Tier 4,51.75
Zac ,4.49,Jungle,ru,Tier 3,51.59
Talon ,8.62,Jungle,ru,Tier 2,49.01
Ekko ,11.39,Jungle,ru,Tier 2,49.0
Viego ,11.99,Jungle,ru,Tier 2,49.35
Xin Zhao ,7.05,Jungle,ru,Tier 2,50.99
Shaco ,4.21,Jungle,ru,Tier 2,51.39
Poppy ,5.8,Jungle,ru,Tier 1,51.8
Kindred ,6.72,Jungle,ru,Tier 2,50.91
Karthus ,3.29,Jungle,ru,Tier 2,52.46
Nidalee ,12.42,Jungle,ru,Tier 2,50.31
Elise ,6.81,Jungle,ru,Tier 1,51.35
Rek'Sai ,3.8,Jungle,ru,Tier 2,52.12
Graves ,18.07,Jungle,ru,Tier 1,52.06
Trundle ,0.7,Jungle,ru,Tier 5,48.25
Ryze ,1.17,Middle,ru,Tier 5,46.31
Lee Sin ,28.36,Jungle,ru,Tier 1,48.37
Cho'Gath ,0.67,Top,ru,Tier 5,51.65
Viktor ,0.55,Middle,ru,Tier 5,49.35
Volibear ,1.62,Top,ru,Tier 5,49.14
Rumble ,1.41,Top,ru,Tier 5,49.12
Gragas ,0.68,Jungle,ru,Tier 5,48.64
Maokai ,0.8,Support,ru,Tier 5,50.47
Zac ,0.53,Jungle,ru,Tier 5,50.66
Gwen ,3.06,Top,ru,Tier 5,46.94
Vladimir ,1.45,Middle,ru,Tier 5,49.82
Kayle ,1.03,Top,ru,Tier 5,51.35
Warwick ,1.01,Jungle,ru,Tier 4,51.16
Jayce ,10.85,Top,ru,Tier 4,45.64
Dr. Mundo ,0.82,Top,ru,Tier 4,51.47
Illaoi ,0.93,Top,ru,Tier 5,49.54
Cassiopeia ,0.73,Middle,ru,Tier 5,50.51
Yorick ,0.78,Top,ru,Tier 4,51.6
Mordekaiser ,2.35,Top,ru,Tier 4,48.72
Yasuo ,1.98,Middle,ru,Tier 4,48.19
Lillia ,1.61,Jungle,ru,Tier 4,49.58
Heimerdinger ,0.99,Top,ru,Tier 4,50.56
Pantheon ,0.55,Middle,ru,Tier 4,51.9
Yone ,3.42,Middle,ru,Tier 4,47.74
Singed ,1.19,Top,ru,Tier 3,51.92
Ornn ,3.51,Top,ru,Tier 3,51.04
Akali ,5.01,Middle,ru,Tier 3,49.17
Kennen ,5.36,Top,ru,Tier 3,48.95
Riven ,4.06,Top,ru,Tier 3,49.95
Sion ,2.25,Top,ru,Tier 3,51.65
Gnar ,3.01,Top,ru,Tier 4,49.79
Nasus ,1.96,Top,ru,Tier 3,52.04
Garen ,2.95,Top,ru,Tier 3,50.8
Tryndamere ,1.78,Top,ru,Tier 3,51.12
Gangplank ,2.56,Top,ru,Tier 3,50.33
Quinn ,1.14,Top,ru,Tier 2,52.66
Sylas ,5.74,Middle,ru,Tier 2,49.1
Sett ,6.57,Top,ru,Tier 2,49.62
Rengar ,1.59,Top,ru,Tier 3,52.04
Kled ,1.86,Top,ru,Tier 2,52.94
Shen ,3.34,Top,ru,Tier 2,52.6
Aatrox ,7.93,Top,ru,Tier 2,49.79
Wukong ,2.53,Top,ru,Tier 2,51.67
Jax ,4.55,Top,ru,Tier 2,50.02
Renekton ,8.49,Top,ru,Tier 2,50.07
Irelia ,9.1,Top,ru,Tier 2,49.17
Vayne ,5.71,Bottom,ru,Tier 2,50.34
Darius ,7.31,Top,ru,Tier 2,50.3
Urgot ,1.32,Top,ru,Tier 4,51.49
Graves ,5.53,Jungle,ru,Tier 2,49.37
Poppy ,3.15,Jungle,ru,Tier 1,53.85
Fiora ,8.7,Top,ru,Tier 1,50.25
Malphite ,5.6,Top,ru,Tier 2,50.74
Camille ,14.22,Top,ru,Tier 1,52.52
Ziggs ,5.3,Bottom,ru,Tier 2,52.55
Teemo ,6.9,Top,ru,Tier 1,49.25
Xayah ,18.88,Bottom,ru,Tier 1,50.63
Varus ,1.58,Bottom,ru,Tier 5,48.85
Vayne ,8.54,Bottom,ru,Tier 2,52.11
Tristana ,1.86,Bottom,ru,Tier 5,49.81
Twitch ,1.5,Bottom,ru,Tier 4,52.05
Sivir ,1.44,Bottom,ru,Tier 5,49.61
Samira ,9.31,Bottom,ru,Tier 2,49.4
Miss Fortune ,14.29,Bottom,ru,Tier 1,51.37
Lucian ,17.23,Bottom,ru,Tier 2,48.75
Tahm Kench ,4.9,Top,ru,Tier 1,52.81
Kog'Maw ,0.74,Bottom,ru,Tier 5,50.74
Jinx ,12.98,Bottom,ru,Tier 3,51.14
Jhin ,35.36,Bottom,ru,Tier 2,50.38
Kalista ,1.83,Bottom,ru,Tier 5,49.93
Kai'Sa ,11.78,Bottom,ru,Tier 5,48.07
Draven ,3.36,Bottom,ru,Tier 3,51.77
Ezreal ,18.69,Bottom,ru,Tier 3,48.5
Caitlyn ,11.2,Bottom,ru,Tier 2,51.02
Seraphine ,1.36,Support,jp,Tier 5,47.63
Aphelios ,11.99,Bottom,ru,Tier 4,46.29
Shen ,0.72,Top,jp,Tier 5,48.99
Gragas ,0.95,Jungle,jp,Tier 5,49.28
Brand ,1.4,Support,jp,Tier 5,49.62
Sett ,0.87,Top,jp,Tier 5,46.97
Pantheon ,1.77,Middle,jp,Tier 5,47.56
Vex ,0.89,Middle,jp,Tier 5,47.08
Galio ,1.83,Middle,jp,Tier 4,48.67
Anivia ,0.65,Middle,jp,Tier 5,49.98
Veigar ,0.64,Middle,jp,Tier 5,49.65
Sona ,0.92,Support,jp,Tier 4,51.72
Zac ,0.93,Jungle,jp,Tier 4,50.17
Vel'Koz ,1.23,Support,jp,Tier 5,49.53
Karma ,6.39,Support,jp,Tier 3,49.21
Swain ,1.28,Support,jp,Tier 4,50.13
Senna ,3.21,Support,jp,Tier 4,48.93
Janna ,1.95,Support,jp,Tier 4,50.85
Taliyah ,0.56,Jungle,jp,Tier 3,54.71
Bard ,2.46,Support,jp,Tier 3,51.06
Soraka ,3.72,Support,jp,Tier 3,51.98
Yuumi ,12.53,Support,jp,Tier 3,46.78
Zilean ,4.62,Support,jp,Tier 3,50.36
Shaco ,1.65,Jungle,jp,Tier 3,50.92
Ashe ,3.56,Bottom,ru,Tier 4,50.65
Taric ,0.79,Support,jp,Tier 4,52.66
Morgana ,5.64,Support,jp,Tier 2,49.3
Alistar ,5.3,Support,jp,Tier 3,50.49
Zyra ,2.03,Support,jp,Tier 3,52.94
Nami ,9.14,Support,jp,Tier 2,49.43
Nautilus ,5.72,Support,jp,Tier 2,50.0
Rell ,2.02,Support,jp,Tier 2,52.34
Rakan ,8.51,Support,jp,Tier 2,50.22
Lux ,9.67,Support,jp,Tier 2,50.36
Amumu ,6.2,Support,jp,Tier 1,51.51
Xerath ,7.86,Support,jp,Tier 2,49.35
Pyke ,8.03,Support,jp,Tier 2,49.97
Lulu ,13.15,Support,jp,Tier 2,49.77
Maokai ,6.95,Support,jp,Tier 1,52.52
Thresh ,18.14,Support,jp,Tier 2,49.3
Leona ,12.39,Support,jp,Tier 1,51.55
Blitzcrank ,14.65,Support,jp,Tier 1,52.49
Kog'Maw ,0.74,Bottom,jp,Tier 5,50.74
Sivir ,1.44,Bottom,jp,Tier 5,49.61
Tristana ,1.86,Bottom,jp,Tier 5,49.81
Kai'Sa ,11.78,Bottom,jp,Tier 5,48.07
Kalista ,1.83,Bottom,jp,Tier 5,49.93
Varus ,1.58,Bottom,jp,Tier 5,48.85
Swain ,0.68,Support,jp,Tier 3,54.68
Twitch ,1.5,Bottom,jp,Tier 4,52.05
Ashe ,3.56,Bottom,jp,Tier 4,50.65
Aphelios ,11.99,Bottom,jp,Tier 4,46.29
Yasuo ,1.14,Middle,jp,Tier 4,50.52
Xerath ,0.79,Support,jp,Tier 4,51.63
Draven ,3.36,Bottom,jp,Tier 3,51.77
Ezreal ,18.69,Bottom,jp,Tier 3,48.5
Jinx ,12.98,Bottom,jp,Tier 3,51.14
Ziggs ,5.3,Bottom,jp,Tier 2,52.55
Braum ,2.45,Support,jp,Tier 4,49.21
Samira ,9.31,Bottom,jp,Tier 2,49.4
Jhin ,35.36,Bottom,jp,Tier 2,50.38
Xayah ,18.88,Bottom,jp,Tier 1,50.63
Miss Fortune ,14.29,Bottom,jp,Tier 1,51.37
Lucian ,17.23,Bottom,jp,Tier 2,48.75
Jayce ,0.99,Top,jp,Tier 5,47.42
Azir ,1.75,Middle,jp,Tier 5,46.86
Vayne ,8.54,Bottom,jp,Tier 2,52.11
Ryze ,2.74,Middle,jp,Tier 5,44.66
Veigar ,0.8,Middle,jp,Tier 5,49.4
Caitlyn ,11.2,Bottom,jp,Tier 2,51.02
Garen ,0.72,Top,jp,Tier 5,50.8
Diana ,1.03,Jungle,jp,Tier 5,49.87
Nunu & Willump ,0.83,Jungle,jp,Tier 5,48.77
Neeko ,0.57,Middle,jp,Tier 5,51.12
Malzahar ,1.68,Middle,jp,Tier 5,50.12
Xerath ,2.34,Support,jp,Tier 4,48.4
Lucian ,2.07,Bottom,jp,Tier 4,47.98
Sett ,0.95,Top,jp,Tier 5,50.18
Corki ,0.87,Middle,jp,Tier 5,51.17
Tryndamere ,0.76,Top,jp,Tier 4,51.2
Rumble ,1.22,Top,jp,Tier 4,52.16
Renekton ,1.19,Top,jp,Tier 4,51.19
Syndra ,4.66,Middle,jp,Tier 4,48.54
Vladimir ,1.94,Middle,jp,Tier 4,50.82
Orianna ,3.51,Middle,jp,Tier 5,48.6
Malphite ,0.97,Top,jp,Tier 4,51.08
Viktor ,3.18,Middle,jp,Tier 4,50.63
Annie ,1.09,Middle,jp,Tier 3,52.98
Lux ,3.07,Support,jp,Tier 4,49.96
Yone ,8.78,Middle,jp,Tier 3,48.34
Pantheon ,2.24,Middle,jp,Tier 3,51.33
Ahri ,3.42,Middle,jp,Tier 3,51.81
Aurelion Sol ,0.67,Middle,jp,Tier 3,54.41
Irelia ,4.48,Top,jp,Tier 3,47.55
Cassiopeia ,1.57,Middle,jp,Tier 3,51.77
Lissandra ,3.78,Middle,jp,Tier 3,50.61
Akali ,5.96,Middle,jp,Tier 3,48.67
Galio ,4.31,Middle,jp,Tier 2,51.33
Fizz ,3.17,Middle,jp,Tier 2,51.48
Qiyana ,3.61,Middle,jp,Tier 2,50.76
Ekko ,2.68,Jungle,jp,Tier 3,50.18
Kassadin ,4.14,Middle,jp,Tier 2,50.89
Sylas ,8.89,Middle,jp,Tier 2,49.46
Singed ,0.98,Top,jp,Tier 2,55.73
Akshan ,4.76,Middle,jp,Tier 1,51.72
Twisted Fate ,12.51,Middle,jp,Tier 2,49.68
Zoe ,6.43,Middle,jp,Tier 2,49.86
Anivia ,3.03,Middle,jp,Tier 2,52.94
Vex ,9.01,Middle,jp,Tier 1,50.86
Yasuo ,10.65,Middle,jp,Tier 2,49.24
Talon ,4.68,Jungle,jp,Tier 2,51.42
LeBlanc ,14.76,Middle,jp,Tier 2,49.21
Zed ,10.36,Middle,jp,Tier 1,50.11
Katarina ,8.08,Middle,jp,Tier 1,51.79
Diana ,2.53,Jungle,jp,Tier 5,46.18
Shyvana ,0.72,Jungle,jp,Tier 5,46.98
Olaf ,0.98,Jungle,jp,Tier 5,48.38
Rumble ,0.84,Top,jp,Tier 5,48.58
Sejuani ,1.13,Jungle,jp,Tier 5,51.11
Volibear ,1.1,Top,jp,Tier 5,48.94
Qiyana ,2.64,Middle,jp,Tier 5,45.47
Trundle ,1.33,Jungle,jp,Tier 4,50.8
Ivern ,0.6,Jungle,jp,Tier 5,50.86
Udyr ,0.75,Jungle,jp,Tier 5,49.23
Rengar ,0.65,Top,jp,Tier 5,50.72
Lillia ,2.55,Jungle,jp,Tier 5,48.04
Gragas ,2.84,Jungle,jp,Tier 4,50.06
Master Yi ,2.6,Jungle,jp,Tier 4,48.68
Nocturne ,1.83,Jungle,jp,Tier 4,50.42
Rammus ,1.21,Jungle,jp,Tier 4,50.71
Zed ,1.84,Middle,jp,Tier 4,47.02
Warwick ,1.97,Jungle,jp,Tier 4,51.75
Kha'Zix ,3.14,Jungle,jp,Tier 4,50.03
Vi ,2.56,Jungle,jp,Tier 3,51.13
Evelynn ,2.67,Jungle,jp,Tier 3,50.79
Hecarim ,5.38,Jungle,jp,Tier 3,50.48
Taliyah ,2.86,Jungle,jp,Tier 3,51.75
Fiddlesticks ,2.5,Jungle,jp,Tier 3,51.79
Kayn ,6.7,Jungle,jp,Tier 3,49.55
Zac ,4.49,Jungle,jp,Tier 3,51.59
Jarvan IV ,5.67,Jungle,jp,Tier 3,50.32
Ekko ,11.39,Jungle,jp,Tier 2,49.0
Talon ,8.62,Jungle,jp,Tier 2,49.01
Viego ,11.99,Jungle,jp,Tier 2,49.35
Nunu & Willump ,3.29,Jungle,jp,Tier 2,52.13
Kindred ,6.72,Jungle,jp,Tier 2,50.91
Xin Zhao ,7.05,Jungle,jp,Tier 2,50.99
Karthus ,3.29,Jungle,jp,Tier 2,52.46
Rek'Sai ,3.8,Jungle,jp,Tier 2,52.12
Shaco ,4.21,Jungle,jp,Tier 2,51.39
Lee Sin ,28.36,Jungle,jp,Tier 1,48.37
Nidalee ,12.42,Jungle,jp,Tier 2,50.31
Poppy ,5.8,Jungle,jp,Tier 1,51.8
Graves ,18.07,Jungle,jp,Tier 1,52.06
Ryze ,1.17,Middle,jp,Tier 5,46.31
Elise ,6.81,Jungle,jp,Tier 1,51.35
Viktor ,0.55,Middle,jp,Tier 5,49.35
Rumble ,1.41,Top,jp,Tier 5,49.12
Trundle ,0.7,Jungle,jp,Tier 5,48.25
Gragas ,0.68,Jungle,jp,Tier 5,48.64
Illaoi ,0.93,Top,jp,Tier 5,49.54
Zac ,0.53,Jungle,jp,Tier 5,50.66
Cassiopeia ,0.73,Middle,jp,Tier 5,50.51
Volibear ,1.62,Top,jp,Tier 5,49.14
Cho'Gath ,0.67,Top,jp,Tier 5,51.65
Mordekaiser ,2.35,Top,jp,Tier 4,48.72
Gwen ,3.06,Top,jp,Tier 5,46.94
Kayle ,1.03,Top,jp,Tier 5,51.35
Vladimir ,1.45,Middle,jp,Tier 5,49.82
Maokai ,0.8,Support,jp,Tier 5,50.47
Yorick ,0.78,Top,jp,Tier 4,51.6
Warwick ,1.01,Jungle,jp,Tier 4,51.16
Dr. Mundo ,0.82,Top,jp,Tier 4,51.47
Jayce ,10.85,Top,jp,Tier 4,45.64
Yasuo ,1.98,Middle,jp,Tier 4,48.19
Pantheon ,0.55,Middle,jp,Tier 4,51.9
Heimerdinger ,0.99,Top,jp,Tier 4,50.56
Lillia ,1.61,Jungle,jp,Tier 4,49.58
Yone ,3.42,Middle,jp,Tier 4,47.74
Urgot ,1.32,Top,jp,Tier 4,51.49
Gnar ,3.01,Top,jp,Tier 4,49.79
Singed ,1.19,Top,jp,Tier 3,51.92
Riven ,4.06,Top,jp,Tier 3,49.95
Sion ,2.25,Top,jp,Tier 3,51.65
Akali ,5.01,Middle,jp,Tier 3,49.17
Ornn ,3.51,Top,jp,Tier 3,51.04
Gangplank ,2.56,Top,jp,Tier 3,50.33
Kennen ,5.36,Top,jp,Tier 3,48.95
Nasus ,1.96,Top,jp,Tier 3,52.04
Tryndamere ,1.78,Top,jp,Tier 3,51.12
Rengar ,1.59,Top,jp,Tier 3,52.04
Garen ,2.95,Top,jp,Tier 3,50.8
Quinn ,1.14,Top,jp,Tier 2,52.66
Sett ,6.57,Top,jp,Tier 2,49.62
Jax ,4.55,Top,jp,Tier 2,50.02
Wukong ,2.53,Top,jp,Tier 2,51.67
Sylas ,5.74,Middle,jp,Tier 2,49.1
Graves ,5.53,Jungle,jp,Tier 2,49.37
Shen ,3.34,Top,jp,Tier 2,52.6
Kled ,1.86,Top,jp,Tier 2,52.94
Vayne ,5.71,Bottom,jp,Tier 2,50.34
Aatrox ,7.93,Top,jp,Tier 2,49.79
Renekton ,8.49,Top,jp,Tier 2,50.07
Irelia ,9.1,Top,jp,Tier 2,49.17
Malphite ,5.6,Top,jp,Tier 2,50.74
Darius ,7.31,Top,jp,Tier 2,50.3
Poppy ,3.15,Jungle,jp,Tier 1,53.85
Teemo ,6.9,Top,jp,Tier 1,49.25
Camille ,14.22,Top,jp,Tier 1,52.52
Fiora ,8.7,Top,jp,Tier 1,50.25
Tahm Kench ,4.9,Top,jp,Tier 1,52.81
Ziggs ,5.3,Bottom,jp,Tier 2,52.55
Xayah ,18.88,Bottom,jp,Tier 1,50.63
Varus ,1.58,Bottom,jp,Tier 5,48.85
Vayne ,8.54,Bottom,jp,Tier 2,52.11
Twitch ,1.5,Bottom,jp,Tier 4,52.05
Tristana ,1.86,Bottom,jp,Tier 5,49.81
Sivir ,1.44,Bottom,jp,Tier 5,49.61
Miss Fortune ,14.29,Bottom,jp,Tier 1,51.37
Samira ,9.31,Bottom,jp,Tier 2,49.4
Kog'Maw ,0.74,Bottom,jp,Tier 5,50.74
Lucian ,17.23,Bottom,jp,Tier 2,48.75
Kalista ,1.83,Bottom,jp,Tier 5,49.93
Jhin ,35.36,Bottom,jp,Tier 2,50.38
Jinx ,12.98,Bottom,jp,Tier 3,51.14
Kai'Sa ,11.78,Bottom,jp,Tier 5,48.07
Ezreal ,18.69,Bottom,jp,Tier 3,48.5
Seraphine ,1.36,Support,oce,Tier 5,47.63
Draven ,3.36,Bottom,jp,Tier 3,51.77
Zac ,0.93,Jungle,oce,Tier 4,50.17
Vel'Koz ,1.23,Support,oce,Tier 5,49.53
Caitlyn ,11.2,Bottom,jp,Tier 2,51.02
Brand ,1.4,Support,oce,Tier 5,49.62
Gragas ,0.95,Jungle,oce,Tier 5,49.28
Ashe ,3.56,Bottom,jp,Tier 4,50.65
Galio ,1.83,Middle,oce,Tier 4,48.67
Sona ,0.92,Support,oce,Tier 4,51.72
Senna ,3.21,Support,oce,Tier 4,48.93
Swain ,1.28,Support,oce,Tier 4,50.13
Aphelios ,11.99,Bottom,jp,Tier 4,46.29
Janna ,1.95,Support,oce,Tier 4,50.85
Vex ,0.89,Middle,oce,Tier 5,47.08
Pantheon ,1.77,Middle,oce,Tier 5,47.56
Taric ,0.79,Support,oce,Tier 4,52.66
Bard ,2.46,Support,oce,Tier 3,51.06
Anivia ,0.65,Middle,oce,Tier 5,49.98
Karma ,6.39,Support,oce,Tier 3,49.21
Braum ,2.45,Support,oce,Tier 4,49.21
Zilean ,4.62,Support,oce,Tier 3,50.36
Taliyah ,0.56,Jungle,oce,Tier 3,54.71
Alistar ,5.3,Support,oce,Tier 3,50.49
Yuumi ,12.53,Support,oce,Tier 3,46.78
Rell ,2.02,Support,oce,Tier 2,52.34
Zyra ,2.03,Support,oce,Tier 3,52.94
Shaco ,1.65,Jungle,oce,Tier 3,50.92
Nautilus ,5.72,Support,oce,Tier 2,50.0
Soraka ,3.72,Support,oce,Tier 3,51.98
Morgana ,5.64,Support,oce,Tier 2,49.3
Pyke ,8.03,Support,oce,Tier 2,49.97
Xerath ,7.86,Support,oce,Tier 2,49.35
Lux ,9.67,Support,oce,Tier 2,50.36
Lulu ,13.15,Support,oce,Tier 2,49.77
Nami ,9.14,Support,oce,Tier 2,49.43
Maokai ,6.95,Support,oce,Tier 1,52.52
Rakan ,8.51,Support,oce,Tier 2,50.22
Amumu ,6.2,Support,oce,Tier 1,51.51
Leona ,12.39,Support,oce,Tier 1,51.55
Thresh ,18.14,Support,oce,Tier 2,49.3
Kog'Maw ,0.74,Bottom,oce,Tier 5,50.74
Blitzcrank ,14.65,Support,oce,Tier 1,52.49
Varus ,1.58,Bottom,oce,Tier 5,48.85
Tristana ,1.86,Bottom,oce,Tier 5,49.81
Kalista ,1.83,Bottom,oce,Tier 5,49.93
Twitch ,1.5,Bottom,oce,Tier 4,52.05
Xerath ,0.79,Support,oce,Tier 4,51.63
Yasuo ,1.14,Middle,oce,Tier 4,50.52
Ashe ,3.56,Bottom,oce,Tier 4,50.65
Kai'Sa ,11.78,Bottom,oce,Tier 5,48.07
Aphelios ,11.99,Bottom,oce,Tier 4,46.29
Swain ,0.68,Support,oce,Tier 3,54.68
Ezreal ,18.69,Bottom,oce,Tier 3,48.5
Sivir ,1.44,Bottom,oce,Tier 5,49.61
Samira ,9.31,Bottom,oce,Tier 2,49.4
Draven ,3.36,Bottom,oce,Tier 3,51.77
Ziggs ,5.3,Bottom,oce,Tier 2,52.55
Caitlyn ,11.2,Bottom,oce,Tier 2,51.02
Jhin ,35.36,Bottom,oce,Tier 2,50.38
Jinx ,12.98,Bottom,oce,Tier 3,51.14
Lucian ,17.23,Bottom,oce,Tier 2,48.75
Ryze ,2.74,Middle,oce,Tier 5,44.66
Xayah ,18.88,Bottom,oce,Tier 1,50.63
Miss Fortune ,14.29,Bottom,oce,Tier 1,51.37
Azir ,1.75,Middle,oce,Tier 5,46.86
Veigar ,0.8,Middle,oce,Tier 5,49.4
Diana ,1.03,Jungle,oce,Tier 5,49.87
Jayce ,0.99,Top,oce,Tier 5,47.42
Orianna ,3.51,Middle,oce,Tier 5,48.6
Corki ,0.87,Middle,oce,Tier 5,51.17
Garen ,0.72,Top,oce,Tier 5,50.8
Nunu & Willump ,0.83,Jungle,oce,Tier 5,48.77
Neeko ,0.57,Middle,oce,Tier 5,51.12
Lucian ,2.07,Bottom,oce,Tier 4,47.98
Malzahar ,1.68,Middle,oce,Tier 5,50.12
Vayne ,8.54,Bottom,oce,Tier 2,52.11
Syndra ,4.66,Middle,oce,Tier 4,48.54
Xerath ,2.34,Support,oce,Tier 4,48.4
Tryndamere ,0.76,Top,oce,Tier 4,51.2
Sett ,0.95,Top,oce,Tier 5,50.18
Viktor ,3.18,Middle,oce,Tier 4,50.63
Renekton ,1.19,Top,oce,Tier 4,51.19
Lux ,3.07,Support,oce,Tier 4,49.96
Malphite ,0.97,Top,oce,Tier 4,51.08
Irelia ,4.48,Top,oce,Tier 3,47.55
Rumble ,1.22,Top,oce,Tier 4,52.16
Ekko ,2.68,Jungle,oce,Tier 3,50.18
Akali ,5.96,Middle,oce,Tier 3,48.67
Cassiopeia ,1.57,Middle,oce,Tier 3,51.77
Vladimir ,1.94,Middle,oce,Tier 4,50.82
Aurelion Sol ,0.67,Middle,oce,Tier 3,54.41
Annie ,1.09,Middle,oce,Tier 3,52.98
Pantheon ,2.24,Middle,oce,Tier 3,51.33
Lissandra ,3.78,Middle,oce,Tier 3,50.61
Galio ,4.31,Middle,oce,Tier 2,51.33
Yone ,8.78,Middle,oce,Tier 3,48.34
Fizz ,3.17,Middle,oce,Tier 2,51.48
Sylas ,8.89,Middle,oce,Tier 2,49.46
Zoe ,6.43,Middle,oce,Tier 2,49.86
Ahri ,3.42,Middle,oce,Tier 3,51.81
Kassadin ,4.14,Middle,oce,Tier 2,50.89
Twisted Fate ,12.51,Middle,oce,Tier 2,49.68
Singed ,0.98,Top,oce,Tier 2,55.73
Qiyana ,3.61,Middle,oce,Tier 2,50.76
Yasuo ,10.65,Middle,oce,Tier 2,49.24
Vex ,9.01,Middle,oce,Tier 1,50.86
Akshan ,4.76,Middle,oce,Tier 1,51.72
Zed ,10.36,Middle,oce,Tier 1,50.11
Katarina ,8.08,Middle,oce,Tier 1,51.79
Diana ,2.53,Jungle,oce,Tier 5,46.18
Anivia ,3.03,Middle,oce,Tier 2,52.94
Talon ,4.68,Jungle,oce,Tier 2,51.42
LeBlanc ,14.76,Middle,oce,Tier 2,49.21
Rumble ,0.84,Top,oce,Tier 5,48.58
Udyr ,0.75,Jungle,oce,Tier 5,49.23
Olaf ,0.98,Jungle,oce,Tier 5,48.38
Volibear ,1.1,Top,oce,Tier 5,48.94
Shyvana ,0.72,Jungle,oce,Tier 5,46.98
Ivern ,0.6,Jungle,oce,Tier 5,50.86
Sejuani ,1.13,Jungle,oce,Tier 5,51.11
Rengar ,0.65,Top,oce,Tier 5,50.72
Zed ,1.84,Middle,oce,Tier 4,47.02
Qiyana ,2.64,Middle,oce,Tier 5,45.47
Gragas ,2.84,Jungle,oce,Tier 4,50.06
Master Yi ,2.6,Jungle,oce,Tier 4,48.68
Rammus ,1.21,Jungle,oce,Tier 4,50.71
Nocturne ,1.83,Jungle,oce,Tier 4,50.42
Trundle ,1.33,Jungle,oce,Tier 4,50.8
Lillia ,2.55,Jungle,oce,Tier 5,48.04
Kha'Zix ,3.14,Jungle,oce,Tier 4,50.03
Taliyah ,2.86,Jungle,oce,Tier 3,51.75
Vi ,2.56,Jungle,oce,Tier 3,51.13
Evelynn ,2.67,Jungle,oce,Tier 3,50.79
Warwick ,1.97,Jungle,oce,Tier 4,51.75
Kayn ,6.7,Jungle,oce,Tier 3,49.55
Ekko ,11.39,Jungle,oce,Tier 2,49.0
Jarvan IV ,5.67,Jungle,oce,Tier 3,50.32
Hecarim ,5.38,Jungle,oce,Tier 3,50.48
Zac ,4.49,Jungle,oce,Tier 3,51.59
Xin Zhao ,7.05,Jungle,oce,Tier 2,50.99
Nunu & Willump ,3.29,Jungle,oce,Tier 2,52.13
Viego ,11.99,Jungle,oce,Tier 2,49.35
Kindred ,6.72,Jungle,oce,Tier 2,50.91
Rek'Sai ,3.8,Jungle,oce,Tier 2,52.12
Fiddlesticks ,2.5,Jungle,oce,Tier 3,51.79
Shaco ,4.21,Jungle,oce,Tier 2,51.39
Talon ,8.62,Jungle,oce,Tier 2,49.01
Karthus ,3.29,Jungle,oce,Tier 2,52.46
Ryze ,1.17,Middle,oce,Tier 5,46.31
Poppy ,5.8,Jungle,oce,Tier 1,51.8
Lee Sin ,28.36,Jungle,oce,Tier 1,48.37
Nidalee ,12.42,Jungle,oce,Tier 2,50.31
Elise ,6.81,Jungle,oce,Tier 1,51.35
Trundle ,0.7,Jungle,oce,Tier 5,48.25
Gragas ,0.68,Jungle,oce,Tier 5,48.64
Graves ,18.07,Jungle,oce,Tier 1,52.06
Viktor ,0.55,Middle,oce,Tier 5,49.35
Illaoi ,0.93,Top,oce,Tier 5,49.54
Zac ,0.53,Jungle,oce,Tier 5,50.66
Gwen ,3.06,Top,oce,Tier 5,46.94
Volibear ,1.62,Top,oce,Tier 5,49.14
Cassiopeia ,0.73,Middle,oce,Tier 5,50.51
Kayle ,1.03,Top,oce,Tier 5,51.35
Maokai ,0.8,Support,oce,Tier 5,50.47
Cho'Gath ,0.67,Top,oce,Tier 5,51.65
Vladimir ,1.45,Middle,oce,Tier 5,49.82
Rumble ,1.41,Top,oce,Tier 5,49.12
Mordekaiser ,2.35,Top,oce,Tier 4,48.72
Lillia ,1.61,Jungle,oce,Tier 4,49.58
Warwick ,1.01,Jungle,oce,Tier 4,51.16
Heimerdinger ,0.99,Top,oce,Tier 4,50.56
Yorick ,0.78,Top,oce,Tier 4,51.6
Dr. Mundo ,0.82,Top,oce,Tier 4,51.47
Yasuo ,1.98,Middle,oce,Tier 4,48.19
Jayce ,10.85,Top,oce,Tier 4,45.64
Yone ,3.42,Middle,oce,Tier 4,47.74
Sion ,2.25,Top,oce,Tier 3,51.65
Urgot ,1.32,Top,oce,Tier 4,51.49
Gnar ,3.01,Top,oce,Tier 4,49.79
Gangplank ,2.56,Top,oce,Tier 3,50.33
Ornn ,3.51,Top,oce,Tier 3,51.04
Pantheon ,0.55,Middle,oce,Tier 4,51.9
Riven ,4.06,Top,oce,Tier 3,49.95
Singed ,1.19,Top,oce,Tier 3,51.92
Akali ,5.01,Middle,oce,Tier 3,49.17
Tryndamere ,1.78,Top,oce,Tier 3,51.12
Kennen ,5.36,Top,oce,Tier 3,48.95
Nasus ,1.96,Top,oce,Tier 3,52.04
Quinn ,1.14,Top,oce,Tier 2,52.66
Sylas ,5.74,Middle,oce,Tier 2,49.1
Garen ,2.95,Top,oce,Tier 3,50.8
Wukong ,2.53,Top,oce,Tier 2,51.67
Jax ,4.55,Top,oce,Tier 2,50.02
Kled ,1.86,Top,oce,Tier 2,52.94
Aatrox ,7.93,Top,oce,Tier 2,49.79
Sett ,6.57,Top,oce,Tier 2,49.62
Renekton ,8.49,Top,oce,Tier 2,50.07
Graves ,5.53,Jungle,oce,Tier 2,49.37
Vayne ,5.71,Bottom,oce,Tier 2,50.34
Shen ,3.34,Top,oce,Tier 2,52.6
Irelia ,9.1,Top,oce,Tier 2,49.17
Malphite ,5.6,Top,oce,Tier 2,50.74
Rengar ,1.59,Top,oce,Tier 3,52.04
Teemo ,6.9,Top,oce,Tier 1,49.25
Darius ,7.31,Top,oce,Tier 2,50.3
Camille ,14.22,Top,oce,Tier 1,52.52
Fiora ,8.7,Top,oce,Tier 1,50.25
Tahm Kench ,4.9,Top,oce,Tier 1,52.81
Poppy ,3.15,Jungle,oce,Tier 1,53.85
Ziggs ,5.3,Bottom,oce,Tier 2,52.55
Xayah ,18.88,Bottom,oce,Tier 1,50.63
Vayne ,8.54,Bottom,oce,Tier 2,52.11
Tristana ,1.86,Bottom,oce,Tier 5,49.81
Sivir ,1.44,Bottom,oce,Tier 5,49.61
Varus ,1.58,Bottom,oce,Tier 5,48.85
Twitch ,1.5,Bottom,oce,Tier 4,52.05
Samira ,9.31,Bottom,oce,Tier 2,49.4
Lucian ,17.23,Bottom,oce,Tier 2,48.75
Miss Fortune ,14.29,Bottom,oce,Tier 1,51.37
Kog'Maw ,0.74,Bottom,oce,Tier 5,50.74
Kai'Sa ,11.78,Bottom,oce,Tier 5,48.07
Jhin ,35.36,Bottom,oce,Tier 2,50.38
Kalista ,1.83,Bottom,oce,Tier 5,49.93
Jinx ,12.98,Bottom,oce,Tier 3,51.14
Ezreal ,18.69,Bottom,oce,Tier 3,48.5
Caitlyn ,11.2,Bottom,oce,Tier 2,51.02
Draven ,3.36,Bottom,oce,Tier 3,51.77
Gragas ,0.95,Jungle,br,Tier 5,49.28
Aphelios ,11.99,Bottom,oce,Tier 4,46.29
Veigar ,0.64,Middle,br,Tier 5,49.65
Vex ,0.89,Middle,br,Tier 5,47.08
Vel'Koz ,1.23,Support,br,Tier 5,49.53
Anivia ,0.65,Middle,br,Tier 5,49.98
Brand ,1.4,Support,br,Tier 5,49.62
Seraphine ,1.36,Support,br,Tier 5,47.63
Galio ,1.83,Middle,br,Tier 4,48.67
Zac ,0.93,Jungle,br,Tier 4,50.17
Shen ,0.72,Top,br,Tier 5,48.99
Ashe ,3.56,Bottom,oce,Tier 4,50.65
Swain ,1.28,Support,br,Tier 4,50.13
Senna ,3.21,Support,br,Tier 4,48.93
Janna ,1.95,Support,br,Tier 4,50.85
Braum ,2.45,Support,br,Tier 4,49.21
Taric ,0.79,Support,br,Tier 4,52.66
Karma ,6.39,Support,br,Tier 3,49.21
Zilean ,4.62,Support,br,Tier 3,50.36
Bard ,2.46,Support,br,Tier 3,51.06
Pantheon ,1.77,Middle,br,Tier 5,47.56
Taliyah ,0.56,Jungle,br,Tier 3,54.71
Yuumi ,12.53,Support,br,Tier 3,46.78
Soraka ,3.72,Support,br,Tier 3,51.98
Zyra ,2.03,Support,br,Tier 3,52.94
Sona ,0.92,Support,br,Tier 4,51.72
Rell ,2.02,Support,br,Tier 2,52.34
Alistar ,5.3,Support,br,Tier 3,50.49
Xerath ,7.86,Support,br,Tier 2,49.35
Nautilus ,5.72,Support,br,Tier 2,50.0
Rakan ,8.51,Support,br,Tier 2,50.22
Morgana ,5.64,Support,br,Tier 2,49.3
Shaco ,1.65,Jungle,br,Tier 3,50.92
Lulu ,13.15,Support,br,Tier 2,49.77
Pyke ,8.03,Support,br,Tier 2,49.97
Lux ,9.67,Support,br,Tier 2,50.36
Nami ,9.14,Support,br,Tier 2,49.43
Thresh ,18.14,Support,br,Tier 2,49.3
Maokai ,6.95,Support,br,Tier 1,52.52
Amumu ,6.2,Support,br,Tier 1,51.51
Leona ,12.39,Support,br,Tier 1,51.55
Varus ,1.58,Bottom,br,Tier 5,48.85
Kog'Maw ,0.74,Bottom,br,Tier 5,50.74
Tristana ,1.86,Bottom,br,Tier 5,49.81
Blitzcrank ,14.65,Support,br,Tier 1,52.49
Sivir ,1.44,Bottom,br,Tier 5,49.61
Kai'Sa ,11.78,Bottom,br,Tier 5,48.07
Kalista ,1.83,Bottom,br,Tier 5,49.93
Aphelios ,11.99,Bottom,br,Tier 4,46.29
Yasuo ,1.14,Middle,br,Tier 4,50.52
Twitch ,1.5,Bottom,br,Tier 4,52.05
Xerath ,0.79,Support,br,Tier 4,51.63
Swain ,0.68,Support,br,Tier 3,54.68
Ashe ,3.56,Bottom,br,Tier 4,50.65
Ezreal ,18.69,Bottom,br,Tier 3,48.5
Lucian ,17.23,Bottom,br,Tier 2,48.75
Jinx ,12.98,Bottom,br,Tier 3,51.14
Caitlyn ,11.2,Bottom,br,Tier 2,51.02
Draven ,3.36,Bottom,br,Tier 3,51.77
Ziggs ,5.3,Bottom,br,Tier 2,52.55
Vayne ,8.54,Bottom,br,Tier 2,52.11
Samira ,9.31,Bottom,br,Tier 2,49.4
Jhin ,35.36,Bottom,br,Tier 2,50.38
Miss Fortune ,14.29,Bottom,br,Tier 1,51.37
Ryze ,2.74,Middle,br,Tier 5,44.66
Jayce ,0.99,Top,br,Tier 5,47.42
Xayah ,18.88,Bottom,br,Tier 1,50.63
Veigar ,0.8,Middle,br,Tier 5,49.4
Neeko ,0.57,Middle,br,Tier 5,51.12
Azir ,1.75,Middle,br,Tier 5,46.86
Diana ,1.03,Jungle,br,Tier 5,49.87
Garen ,0.72,Top,br,Tier 5,50.8
Corki ,0.87,Middle,br,Tier 5,51.17
Nunu & Willump ,0.83,Jungle,br,Tier 5,48.77
Malzahar ,1.68,Middle,br,Tier 5,50.12
Sett ,0.95,Top,br,Tier 5,50.18
Syndra ,4.66,Middle,br,Tier 4,48.54
Orianna ,3.51,Middle,br,Tier 5,48.6
Xerath ,2.34,Support,br,Tier 4,48.4
Lucian ,2.07,Bottom,br,Tier 4,47.98
Renekton ,1.19,Top,br,Tier 4,51.19
Vladimir ,1.94,Middle,br,Tier 4,50.82
Tryndamere ,0.76,Top,br,Tier 4,51.2
Rumble ,1.22,Top,br,Tier 4,52.16
Viktor ,3.18,Middle,br,Tier 4,50.63
Lux ,3.07,Support,br,Tier 4,49.96
Annie ,1.09,Middle,br,Tier 3,52.98
Irelia ,4.48,Top,br,Tier 3,47.55
Akali ,5.96,Middle,br,Tier 3,48.67
Ekko ,2.68,Jungle,br,Tier 3,50.18
Ahri ,3.42,Middle,br,Tier 3,51.81
Pantheon ,2.24,Middle,br,Tier 3,51.33
Yone ,8.78,Middle,br,Tier 3,48.34
Malphite ,0.97,Top,br,Tier 4,51.08
Cassiopeia ,1.57,Middle,br,Tier 3,51.77
Zoe ,6.43,Middle,br,Tier 2,49.86
Aurelion Sol ,0.67,Middle,br,Tier 3,54.41
Kassadin ,4.14,Middle,br,Tier 2,50.89
Lissandra ,3.78,Middle,br,Tier 3,50.61
Fizz ,3.17,Middle,br,Tier 2,51.48
Sylas ,8.89,Middle,br,Tier 2,49.46
Galio ,4.31,Middle,br,Tier 2,51.33
Anivia ,3.03,Middle,br,Tier 2,52.94
Twisted Fate ,12.51,Middle,br,Tier 2,49.68
Yasuo ,10.65,Middle,br,Tier 2,49.24
Singed ,0.98,Top,br,Tier 2,55.73
Talon ,4.68,Jungle,br,Tier 2,51.42
Vex ,9.01,Middle,br,Tier 1,50.86
Qiyana ,3.61,Middle,br,Tier 2,50.76
Akshan ,4.76,Middle,br,Tier 1,51.72
LeBlanc ,14.76,Middle,br,Tier 2,49.21
Katarina ,8.08,Middle,br,Tier 1,51.79
Zed ,10.36,Middle,br,Tier 1,50.11
Rumble ,0.84,Top,br,Tier 5,48.58
Shyvana ,0.72,Jungle,br,Tier 5,46.98
Diana ,2.53,Jungle,br,Tier 5,46.18
Sejuani ,1.13,Jungle,br,Tier 5,51.11
Qiyana ,2.64,Middle,br,Tier 5,45.47
Volibear ,1.1,Top,br,Tier 5,48.94
Rengar ,0.65,Top,br,Tier 5,50.72
Ivern ,0.6,Jungle,br,Tier 5,50.86
Lillia ,2.55,Jungle,br,Tier 5,48.04
Master Yi ,2.6,Jungle,br,Tier 4,48.68
Udyr ,0.75,Jungle,br,Tier 5,49.23
Olaf ,0.98,Jungle,br,Tier 5,48.38
Trundle ,1.33,Jungle,br,Tier 4,50.8
Zed ,1.84,Middle,br,Tier 4,47.02
Gragas ,2.84,Jungle,br,Tier 4,50.06
Rammus ,1.21,Jungle,br,Tier 4,50.71
Kha'Zix ,3.14,Jungle,br,Tier 4,50.03
Vi ,2.56,Jungle,br,Tier 3,51.13
Evelynn ,2.67,Jungle,br,Tier 3,50.79
Jarvan IV ,5.67,Jungle,br,Tier 3,50.32
Fiddlesticks ,2.5,Jungle,br,Tier 3,51.79
Nocturne ,1.83,Jungle,br,Tier 4,50.42
Kayn ,6.7,Jungle,br,Tier 3,49.55
Taliyah ,2.86,Jungle,br,Tier 3,51.75
Hecarim ,5.38,Jungle,br,Tier 3,50.48
Warwick ,1.97,Jungle,br,Tier 4,51.75
Nunu & Willump ,3.29,Jungle,br,Tier 2,52.13
Zac ,4.49,Jungle,br,Tier 3,51.59
Viego ,11.99,Jungle,br,Tier 2,49.35
Kindred ,6.72,Jungle,br,Tier 2,50.91
Xin Zhao ,7.05,Jungle,br,Tier 2,50.99
Karthus ,3.29,Jungle,br,Tier 2,52.46
Shaco ,4.21,Jungle,br,Tier 2,51.39
Ekko ,11.39,Jungle,br,Tier 2,49.0
Rek'Sai ,3.8,Jungle,br,Tier 2,52.12
Nidalee ,12.42,Jungle,br,Tier 2,50.31
Talon ,8.62,Jungle,br,Tier 2,49.01
Poppy ,5.8,Jungle,br,Tier 1,51.8
Graves ,18.07,Jungle,br,Tier 1,52.06
Elise ,6.81,Jungle,br,Tier 1,51.35
Lee Sin ,28.36,Jungle,br,Tier 1,48.37
Ryze ,1.17,Middle,br,Tier 5,46.31
Gragas ,0.68,Jungle,br,Tier 5,48.64
Illaoi ,0.93,Top,br,Tier 5,49.54
Zac ,0.53,Jungle,br,Tier 5,50.66
Viktor ,0.55,Middle,br,Tier 5,49.35
Rumble ,1.41,Top,br,Tier 5,49.12
Cassiopeia ,0.73,Middle,br,Tier 5,50.51
Trundle ,0.7,Jungle,br,Tier 5,48.25
Cho'Gath ,0.67,Top,br,Tier 5,51.65
Volibear ,1.62,Top,br,Tier 5,49.14
Maokai ,0.8,Support,br,Tier 5,50.47
Vladimir ,1.45,Middle,br,Tier 5,49.82
Gwen ,3.06,Top,br,Tier 5,46.94
Jayce ,10.85,Top,br,Tier 4,45.64
Mordekaiser ,2.35,Top,br,Tier 4,48.72
Warwick ,1.01,Jungle,br,Tier 4,51.16
Lillia ,1.61,Jungle,br,Tier 4,49.58
Dr. Mundo ,0.82,Top,br,Tier 4,51.47
Kayle ,1.03,Top,br,Tier 5,51.35
Yorick ,0.78,Top,br,Tier 4,51.6
Heimerdinger ,0.99,Top,br,Tier 4,50.56
Yasuo ,1.98,Middle,br,Tier 4,48.19
Pantheon ,0.55,Middle,br,Tier 4,51.9
Gnar ,3.01,Top,br,Tier 4,49.79
Yone ,3.42,Middle,br,Tier 4,47.74
Urgot ,1.32,Top,br,Tier 4,51.49
Riven ,4.06,Top,br,Tier 3,49.95
Singed ,1.19,Top,br,Tier 3,51.92
Sion ,2.25,Top,br,Tier 3,51.65
Ornn ,3.51,Top,br,Tier 3,51.04
Akali ,5.01,Middle,br,Tier 3,49.17
Tryndamere ,1.78,Top,br,Tier 3,51.12
Gangplank ,2.56,Top,br,Tier 3,50.33
Rengar ,1.59,Top,br,Tier 3,52.04
Garen ,2.95,Top,br,Tier 3,50.8
Quinn ,1.14,Top,br,Tier 2,52.66
Kennen ,5.36,Top,br,Tier 3,48.95
Sylas ,5.74,Middle,br,Tier 2,49.1
Wukong ,2.53,Top,br,Tier 2,51.67
Jax ,4.55,Top,br,Tier 2,50.02
Nasus ,1.96,Top,br,Tier 3,52.04
Kled ,1.86,Top,br,Tier 2,52.94
Sett ,6.57,Top,br,Tier 2,49.62
Renekton ,8.49,Top,br,Tier 2,50.07
Aatrox ,7.93,Top,br,Tier 2,49.79
Malphite ,5.6,Top,br,Tier 2,50.74
Darius ,7.31,Top,br,Tier 2,50.3
Graves ,5.53,Jungle,br,Tier 2,49.37
Irelia ,9.1,Top,br,Tier 2,49.17
Shen ,3.34,Top,br,Tier 2,52.6
Vayne ,5.71,Bottom,br,Tier 2,50.34
Teemo ,6.9,Top,br,Tier 1,49.25
Fiora ,8.7,Top,br,Tier 1,50.25
Poppy ,3.15,Jungle,br,Tier 1,53.85
Tahm Kench ,4.9,Top,br,Tier 1,52.81
Camille ,14.22,Top,br,Tier 1,52.52
Ziggs ,5.3,Bottom,br,Tier 2,52.55
Xayah ,18.88,Bottom,br,Tier 1,50.63
Varus ,1.58,Bottom,br,Tier 5,48.85
Twitch ,1.5,Bottom,br,Tier 4,52.05
Tristana ,1.86,Bottom,br,Tier 5,49.81
Sivir ,1.44,Bottom,br,Tier 5,49.61
Vayne ,8.54,Bottom,br,Tier 2,52.11
Samira ,9.31,Bottom,br,Tier 2,49.4
Miss Fortune ,14.29,Bottom,br,Tier 1,51.37
Lucian ,17.23,Bottom,br,Tier 2,48.75
Kog'Maw ,0.74,Bottom,br,Tier 5,50.74
Jhin ,35.36,Bottom,br,Tier 2,50.38
Jinx ,12.98,Bottom,br,Tier 3,51.14
Kai'Sa ,11.78,Bottom,br,Tier 5,48.07
Kalista ,1.83,Bottom,br,Tier 5,49.93
Ezreal ,18.69,Bottom,br,Tier 3,48.5
Draven ,3.36,Bottom,br,Tier 3,51.77
Caitlyn ,11.2,Bottom,br,Tier 2,51.02
Ashe ,3.56,Bottom,br,Tier 4,50.65
Sett ,0.87,Top,euw,Tier 5,46.97
Brand ,1.4,Support,euw,Tier 5,49.62
Vex ,0.89,Middle,euw,Tier 5,47.08
Anivia ,0.65,Middle,euw,Tier 5,49.98
Shen ,0.72,Top,euw,Tier 5,48.99
Aphelios ,11.99,Bottom,br,Tier 4,46.29
Gragas ,0.95,Jungle,euw,Tier 5,49.28
Veigar ,0.64,Middle,euw,Tier 5,49.65
Seraphine ,1.36,Support,euw,Tier 5,47.63
Vel'Koz ,1.23,Support,euw,Tier 5,49.53
Sona ,0.92,Support,euw,Tier 4,51.72
Pantheon ,1.77,Middle,euw,Tier 5,47.56
Braum ,2.45,Support,euw,Tier 4,49.21
Zac ,0.93,Jungle,euw,Tier 4,50.17
Galio ,1.83,Middle,euw,Tier 4,48.67
Swain ,1.28,Support,euw,Tier 4,50.13
Karma ,6.39,Support,euw,Tier 3,49.21
Senna ,3.21,Support,euw,Tier 4,48.93
Taric ,0.79,Support,euw,Tier 4,52.66
Taliyah ,0.56,Jungle,euw,Tier 3,54.71
Bard ,2.46,Support,euw,Tier 3,51.06
Soraka ,3.72,Support,euw,Tier 3,51.98
Janna ,1.95,Support,euw,Tier 4,50.85
Shaco ,1.65,Jungle,euw,Tier 3,50.92
Yuumi ,12.53,Support,euw,Tier 3,46.78
Zilean ,4.62,Support,euw,Tier 3,50.36
Alistar ,5.3,Support,euw,Tier 3,50.49
Zyra ,2.03,Support,euw,Tier 3,52.94
Rakan ,8.51,Support,euw,Tier 2,50.22
Rell ,2.02,Support,euw,Tier 2,52.34
Nautilus ,5.72,Support,euw,Tier 2,50.0
Nami ,9.14,Support,euw,Tier 2,49.43
Xerath ,7.86,Support,euw,Tier 2,49.35
Morgana ,5.64,Support,euw,Tier 2,49.3
Lulu ,13.15,Support,euw,Tier 2,49.77
Maokai ,6.95,Support,euw,Tier 1,52.52
Thresh ,18.14,Support,euw,Tier 2,49.3
Lux ,9.67,Support,euw,Tier 2,50.36
Pyke ,8.03,Support,euw,Tier 2,49.97
Amumu ,6.2,Support,euw,Tier 1,51.51
Kog'Maw ,0.74,Bottom,euw,Tier 5,50.74
Leona ,12.39,Support,euw,Tier 1,51.55
Blitzcrank ,14.65,Support,euw,Tier 1,52.49
Kalista ,1.83,Bottom,euw,Tier 5,49.93
Varus ,1.58,Bottom,euw,Tier 5,48.85
Sivir ,1.44,Bottom,euw,Tier 5,49.61
Tristana ,1.86,Bottom,euw,Tier 5,49.81
Kai'Sa ,11.78,Bottom,euw,Tier 5,48.07
Twitch ,1.5,Bottom,euw,Tier 4,52.05
Aphelios ,11.99,Bottom,euw,Tier 4,46.29
Yasuo ,1.14,Middle,euw,Tier 4,50.52
Ashe ,3.56,Bottom,euw,Tier 4,50.65
Swain ,0.68,Support,euw,Tier 3,54.68
Ezreal ,18.69,Bottom,euw,Tier 3,48.5
Xerath ,0.79,Support,euw,Tier 4,51.63
Draven ,3.36,Bottom,euw,Tier 3,51.77
Jinx ,12.98,Bottom,euw,Tier 3,51.14
Caitlyn ,11.2,Bottom,euw,Tier 2,51.02
Samira ,9.31,Bottom,euw,Tier 2,49.4
Ziggs ,5.3,Bottom,euw,Tier 2,52.55
Miss Fortune ,14.29,Bottom,euw,Tier 1,51.37
Jhin ,35.36,Bottom,euw,Tier 2,50.38
Vayne ,8.54,Bottom,euw,Tier 2,52.11
Xayah ,18.88,Bottom,euw,Tier 1,50.63
Azir ,1.75,Middle,euw,Tier 5,46.86
Lucian ,17.23,Bottom,euw,Tier 2,48.75
Ryze ,2.74,Middle,euw,Tier 5,44.66
Nunu & Willump ,0.83,Jungle,euw,Tier 5,48.77
Jayce ,0.99,Top,euw,Tier 5,47.42
Veigar ,0.8,Middle,euw,Tier 5,49.4
Diana ,1.03,Jungle,euw,Tier 5,49.87
Corki ,0.87,Middle,euw,Tier 5,51.17
Neeko ,0.57,Middle,euw,Tier 5,51.12
Garen ,0.72,Top,euw,Tier 5,50.8
Malzahar ,1.68,Middle,euw,Tier 5,50.12
Lucian ,2.07,Bottom,euw,Tier 4,47.98
Orianna ,3.51,Middle,euw,Tier 5,48.6
Xerath ,2.34,Support,euw,Tier 4,48.4
Sett ,0.95,Top,euw,Tier 5,50.18
Syndra ,4.66,Middle,euw,Tier 4,48.54
Tryndamere ,0.76,Top,euw,Tier 4,51.2
Vladimir ,1.94,Middle,euw,Tier 4,50.82
Viktor ,3.18,Middle,euw,Tier 4,50.63
Rumble ,1.22,Top,euw,Tier 4,52.16
Renekton ,1.19,Top,euw,Tier 4,51.19
Lux ,3.07,Support,euw,Tier 4,49.96
Malphite ,0.97,Top,euw,Tier 4,51.08
Annie ,1.09,Middle,euw,Tier 3,52.98
Cassiopeia ,1.57,Middle,euw,Tier 3,51.77
Irelia ,4.48,Top,euw,Tier 3,47.55
Akali ,5.96,Middle,euw,Tier 3,48.67
Ekko ,2.68,Jungle,euw,Tier 3,50.18
Ahri ,3.42,Middle,euw,Tier 3,51.81
Pantheon ,2.24,Middle,euw,Tier 3,51.33
Aurelion Sol ,0.67,Middle,euw,Tier 3,54.41
Yone ,8.78,Middle,euw,Tier 3,48.34
Lissandra ,3.78,Middle,euw,Tier 3,50.61
Zoe ,6.43,Middle,euw,Tier 2,49.86
Galio ,4.31,Middle,euw,Tier 2,51.33
Qiyana ,3.61,Middle,euw,Tier 2,50.76
Kassadin ,4.14,Middle,euw,Tier 2,50.89
Fizz ,3.17,Middle,euw,Tier 2,51.48
Sylas ,8.89,Middle,euw,Tier 2,49.46
Yasuo ,10.65,Middle,euw,Tier 2,49.24
Singed ,0.98,Top,euw,Tier 2,55.73
Anivia ,3.03,Middle,euw,Tier 2,52.94
Talon ,4.68,Jungle,euw,Tier 2,51.42
LeBlanc ,14.76,Middle,euw,Tier 2,49.21
Twisted Fate ,12.51,Middle,euw,Tier 2,49.68
Akshan ,4.76,Middle,euw,Tier 1,51.72
Zed ,10.36,Middle,euw,Tier 1,50.11
Katarina ,8.08,Middle,euw,Tier 1,51.79
Vex ,9.01,Middle,euw,Tier 1,50.86
Diana ,2.53,Jungle,euw,Tier 5,46.18
Qiyana ,2.64,Middle,euw,Tier 5,45.47
Rumble ,0.84,Top,euw,Tier 5,48.58
Shyvana ,0.72,Jungle,euw,Tier 5,46.98
Udyr ,0.75,Jungle,euw,Tier 5,49.23
Rengar ,0.65,Top,euw,Tier 5,50.72
Ivern ,0.6,Jungle,euw,Tier 5,50.86
Volibear ,1.1,Top,euw,Tier 5,48.94
Sejuani ,1.13,Jungle,euw,Tier 5,51.11
Lillia ,2.55,Jungle,euw,Tier 5,48.04
Olaf ,0.98,Jungle,euw,Tier 5,48.38
Zed ,1.84,Middle,euw,Tier 4,47.02
Trundle ,1.33,Jungle,euw,Tier 4,50.8
Master Yi ,2.6,Jungle,euw,Tier 4,48.68
Nocturne ,1.83,Jungle,euw,Tier 4,50.42
Rammus ,1.21,Jungle,euw,Tier 4,50.71
Gragas ,2.84,Jungle,euw,Tier 4,50.06
Warwick ,1.97,Jungle,euw,Tier 4,51.75
Hecarim ,5.38,Jungle,euw,Tier 3,50.48
Evelynn ,2.67,Jungle,euw,Tier 3,50.79
Vi ,2.56,Jungle,euw,Tier 3,51.13
Taliyah ,2.86,Jungle,euw,Tier 3,51.75
Kayn ,6.7,Jungle,euw,Tier 3,49.55
Jarvan IV ,5.67,Jungle,euw,Tier 3,50.32
Fiddlesticks ,2.5,Jungle,euw,Tier 3,51.79
Kha'Zix ,3.14,Jungle,euw,Tier 4,50.03
Nunu & Willump ,3.29,Jungle,euw,Tier 2,52.13
Kindred ,6.72,Jungle,euw,Tier 2,50.91
Xin Zhao ,7.05,Jungle,euw,Tier 2,50.99
Viego ,11.99,Jungle,euw,Tier 2,49.35
Zac ,4.49,Jungle,euw,Tier 3,51.59
Ekko ,11.39,Jungle,euw,Tier 2,49.0
Talon ,8.62,Jungle,euw,Tier 2,49.01
Karthus ,3.29,Jungle,euw,Tier 2,52.46
Rek'Sai ,3.8,Jungle,euw,Tier 2,52.12
Shaco ,4.21,Jungle,euw,Tier 2,51.39
Nidalee ,12.42,Jungle,euw,Tier 2,50.31
Elise ,6.81,Jungle,euw,Tier 1,51.35
Lee Sin ,28.36,Jungle,euw,Tier 1,48.37
Poppy ,5.8,Jungle,euw,Tier 1,51.8
Trundle ,0.7,Jungle,euw,Tier 5,48.25
Graves ,18.07,Jungle,euw,Tier 1,52.06
Gragas ,0.68,Jungle,euw,Tier 5,48.64
Ryze ,1.17,Middle,euw,Tier 5,46.31
Viktor ,0.55,Middle,euw,Tier 5,49.35
Illaoi ,0.93,Top,euw,Tier 5,49.54
Zac ,0.53,Jungle,euw,Tier 5,50.66
Cassiopeia ,0.73,Middle,euw,Tier 5,50.51
Cho'Gath ,0.67,Top,euw,Tier 5,51.65
Rumble ,1.41,Top,euw,Tier 5,49.12
Volibear ,1.62,Top,euw,Tier 5,49.14
Kayle ,1.03,Top,euw,Tier 5,51.35
Gwen ,3.06,Top,euw,Tier 5,46.94
Maokai ,0.8,Support,euw,Tier 5,50.47
Vladimir ,1.45,Middle,euw,Tier 5,49.82
Jayce ,10.85,Top,euw,Tier 4,45.64
Warwick ,1.01,Jungle,euw,Tier 4,51.16
Mordekaiser ,2.35,Top,euw,Tier 4,48.72
Dr. Mundo ,0.82,Top,euw,Tier 4,51.47
Yorick ,0.78,Top,euw,Tier 4,51.6
Yasuo ,1.98,Middle,euw,Tier 4,48.19
Yone ,3.42,Middle,euw,Tier 4,47.74
Pantheon ,0.55,Middle,euw,Tier 4,51.9
Sion ,2.25,Top,euw,Tier 3,51.65
Lillia ,1.61,Jungle,euw,Tier 4,49.58
Heimerdinger ,0.99,Top,euw,Tier 4,50.56
Urgot ,1.32,Top,euw,Tier 4,51.49
Riven ,4.06,Top,euw,Tier 3,49.95
Gnar ,3.01,Top,euw,Tier 4,49.79
Singed ,1.19,Top,euw,Tier 3,51.92
Nasus ,1.96,Top,euw,Tier 3,52.04
Ornn ,3.51,Top,euw,Tier 3,51.04
Tryndamere ,1.78,Top,euw,Tier 3,51.12
Akali ,5.01,Middle,euw,Tier 3,49.17
Gangplank ,2.56,Top,euw,Tier 3,50.33
Rengar ,1.59,Top,euw,Tier 3,52.04
Garen ,2.95,Top,euw,Tier 3,50.8
Kennen ,5.36,Top,euw,Tier 3,48.95
Quinn ,1.14,Top,euw,Tier 2,52.66
Wukong ,2.53,Top,euw,Tier 2,51.67
Kled ,1.86,Top,euw,Tier 2,52.94
Jax ,4.55,Top,euw,Tier 2,50.02
Shen ,3.34,Top,euw,Tier 2,52.6
Aatrox ,7.93,Top,euw,Tier 2,49.79
Sett ,6.57,Top,euw,Tier 2,49.62
Renekton ,8.49,Top,euw,Tier 2,50.07
Graves ,5.53,Jungle,euw,Tier 2,49.37
Vayne ,5.71,Bottom,euw,Tier 2,50.34
Malphite ,5.6,Top,euw,Tier 2,50.74
Irelia ,9.1,Top,euw,Tier 2,49.17
Sylas ,5.74,Middle,euw,Tier 2,49.1
Teemo ,6.9,Top,euw,Tier 1,49.25
Darius ,7.31,Top,euw,Tier 2,50.3
Fiora ,8.7,Top,euw,Tier 1,50.25
Poppy ,3.15,Jungle,euw,Tier 1,53.85
Camille ,14.22,Top,euw,Tier 1,52.52
Ziggs ,5.3,Bottom,euw,Tier 2,52.55
Xayah ,18.88,Bottom,euw,Tier 1,50.63
Tahm Kench ,4.9,Top,euw,Tier 1,52.81
Varus ,1.58,Bottom,euw,Tier 5,48.85
Tristana ,1.86,Bottom,euw,Tier 5,49.81
Vayne ,8.54,Bottom,euw,Tier 2,52.11
Twitch ,1.5,Bottom,euw,Tier 4,52.05
Sivir ,1.44,Bottom,euw,Tier 5,49.61
Samira ,9.31,Bottom,euw,Tier 2,49.4
Lucian ,17.23,Bottom,euw,Tier 2,48.75
Kog'Maw ,0.74,Bottom,euw,Tier 5,50.74
Jhin ,35.36,Bottom,euw,Tier 2,50.38
Miss Fortune ,14.29,Bottom,euw,Tier 1,51.37
Jinx ,12.98,Bottom,euw,Tier 3,51.14
Kai'Sa ,11.78,Bottom,euw,Tier 5,48.07
Kalista ,1.83,Bottom,euw,Tier 5,49.93
Sett ,0.87,Top,eune,Tier 5,46.97
Aphelios ,11.99,Bottom,euw,Tier 4,46.29
Caitlyn ,11.2,Bottom,euw,Tier 2,51.02
Ezreal ,18.69,Bottom,euw,Tier 3,48.5
Gragas ,0.95,Jungle,eune,Tier 5,49.28
Veigar ,0.64,Middle,eune,Tier 5,49.65
Vel'Koz ,1.23,Support,eune,Tier 5,49.53
Ashe ,3.56,Bottom,euw,Tier 4,50.65
Draven ,3.36,Bottom,euw,Tier 3,51.77
Zac ,0.93,Jungle,eune,Tier 4,50.17
Sona ,0.92,Support,eune,Tier 4,51.72
Shen ,0.72,Top,eune,Tier 5,48.99
Anivia ,0.65,Middle,eune,Tier 5,49.98
Brand ,1.4,Support,eune,Tier 5,49.62
Vex ,0.89,Middle,eune,Tier 5,47.08
Pantheon ,1.77,Middle,eune,Tier 5,47.56
Galio ,1.83,Middle,eune,Tier 4,48.67
Janna ,1.95,Support,eune,Tier 4,50.85
Swain ,1.28,Support,eune,Tier 4,50.13
Senna ,3.21,Support,eune,Tier 4,48.93
Seraphine ,1.36,Support,eune,Tier 5,47.63
Braum ,2.45,Support,eune,Tier 4,49.21
Bard ,2.46,Support,eune,Tier 3,51.06
Soraka ,3.72,Support,eune,Tier 3,51.98
Taric ,0.79,Support,eune,Tier 4,52.66
Taliyah ,0.56,Jungle,eune,Tier 3,54.71
Karma ,6.39,Support,eune,Tier 3,49.21
Zilean ,4.62,Support,eune,Tier 3,50.36
Zyra ,2.03,Support,eune,Tier 3,52.94
Alistar ,5.3,Support,eune,Tier 3,50.49
Shaco ,1.65,Jungle,eune,Tier 3,50.92
Nautilus ,5.72,Support,eune,Tier 2,50.0
Rakan ,8.51,Support,eune,Tier 2,50.22
Nami ,9.14,Support,eune,Tier 2,49.43
Xerath ,7.86,Support,eune,Tier 2,49.35
Yuumi ,12.53,Support,eune,Tier 3,46.78
Rell ,2.02,Support,eune,Tier 2,52.34
Lulu ,13.15,Support,eune,Tier 2,49.77
Maokai ,6.95,Support,eune,Tier 1,52.52
Thresh ,18.14,Support,eune,Tier 2,49.3
Lux ,9.67,Support,eune,Tier 2,50.36
Amumu ,6.2,Support,eune,Tier 1,51.51
Leona ,12.39,Support,eune,Tier 1,51.55
Varus ,1.58,Bottom,eune,Tier 5,48.85
Pyke ,8.03,Support,eune,Tier 2,49.97
Blitzcrank ,14.65,Support,eune,Tier 1,52.49
Tristana ,1.86,Bottom,eune,Tier 5,49.81
Sivir ,1.44,Bottom,eune,Tier 5,49.61
Yasuo ,1.14,Middle,eune,Tier 4,50.52
Aphelios ,11.99,Bottom,eune,Tier 4,46.29
Kog'Maw ,0.74,Bottom,eune,Tier 5,50.74
Kai'Sa ,11.78,Bottom,eune,Tier 5,48.07
Kalista ,1.83,Bottom,eune,Tier 5,49.93
Ashe ,3.56,Bottom,eune,Tier 4,50.65
Twitch ,1.5,Bottom,eune,Tier 4,52.05
Xerath ,0.79,Support,eune,Tier 4,51.63
Ezreal ,18.69,Bottom,eune,Tier 3,48.5
Jinx ,12.98,Bottom,eune,Tier 3,51.14
Draven ,3.36,Bottom,eune,Tier 3,51.77
Caitlyn ,11.2,Bottom,eune,Tier 2,51.02
Jhin ,35.36,Bottom,eune,Tier 2,50.38
Lucian ,17.23,Bottom,eune,Tier 2,48.75
Swain ,0.68,Support,eune,Tier 3,54.68
Ziggs ,5.3,Bottom,eune,Tier 2,52.55
Samira ,9.31,Bottom,eune,Tier 2,49.4
Vayne ,8.54,Bottom,eune,Tier 2,52.11
Xayah ,18.88,Bottom,eune,Tier 1,50.63
Ryze ,2.74,Middle,eune,Tier 5,44.66
Azir ,1.75,Middle,eune,Tier 5,46.86
Miss Fortune ,14.29,Bottom,eune,Tier 1,51.37
Veigar ,0.8,Middle,eune,Tier 5,49.4
Diana ,1.03,Jungle,eune,Tier 5,49.87
Orianna ,3.51,Middle,eune,Tier 5,48.6
Corki ,0.87,Middle,eune,Tier 5,51.17
Jayce ,0.99,Top,eune,Tier 5,47.42
Sett ,0.95,Top,eune,Tier 5,50.18
Nunu & Willump ,0.83,Jungle,eune,Tier 5,48.77
Neeko ,0.57,Middle,eune,Tier 5,51.12
Garen ,0.72,Top,eune,Tier 5,50.8
Malzahar ,1.68,Middle,eune,Tier 5,50.12
Lucian ,2.07,Bottom,eune,Tier 4,47.98
Xerath ,2.34,Support,eune,Tier 4,48.4
Tryndamere ,0.76,Top,eune,Tier 4,51.2
Syndra ,4.66,Middle,eune,Tier 4,48.54
Rumble ,1.22,Top,eune,Tier 4,52.16
Lux ,3.07,Support,eune,Tier 4,49.96
Renekton ,1.19,Top,eune,Tier 4,51.19
Annie ,1.09,Middle,eune,Tier 3,52.98
Cassiopeia ,1.57,Middle,eune,Tier 3,51.77
Vladimir ,1.94,Middle,eune,Tier 4,50.82
Viktor ,3.18,Middle,eune,Tier 4,50.63
Irelia ,4.48,Top,eune,Tier 3,47.55
Malphite ,0.97,Top,eune,Tier 4,51.08
Akali ,5.96,Middle,eune,Tier 3,48.67
Aurelion Sol ,0.67,Middle,eune,Tier 3,54.41
Ekko ,2.68,Jungle,eune,Tier 3,50.18
Lissandra ,3.78,Middle,eune,Tier 3,50.61
Pantheon ,2.24,Middle,eune,Tier 3,51.33
Yone ,8.78,Middle,eune,Tier 3,48.34
Zoe ,6.43,Middle,eune,Tier 2,49.86
Galio ,4.31,Middle,eune,Tier 2,51.33
Ahri ,3.42,Middle,eune,Tier 3,51.81
Singed ,0.98,Top,eune,Tier 2,55.73
Kassadin ,4.14,Middle,eune,Tier 2,50.89
Twisted Fate ,12.51,Middle,eune,Tier 2,49.68
Anivia ,3.03,Middle,eune,Tier 2,52.94
Fizz ,3.17,Middle,eune,Tier 2,51.48
Qiyana ,3.61,Middle,eune,Tier 2,50.76
Yasuo ,10.65,Middle,eune,Tier 2,49.24
Sylas ,8.89,Middle,eune,Tier 2,49.46
Talon ,4.68,Jungle,eune,Tier 2,51.42
Akshan ,4.76,Middle,eune,Tier 1,51.72
Zed ,10.36,Middle,eune,Tier 1,50.11
LeBlanc ,14.76,Middle,eune,Tier 2,49.21
Katarina ,8.08,Middle,eune,Tier 1,51.79
Vex ,9.01,Middle,eune,Tier 1,50.86
Shyvana ,0.72,Jungle,eune,Tier 5,46.98
Diana ,2.53,Jungle,eune,Tier 5,46.18
Udyr ,0.75,Jungle,eune,Tier 5,49.23
Olaf ,0.98,Jungle,eune,Tier 5,48.38
Qiyana ,2.64,Middle,eune,Tier 5,45.47
Volibear ,1.1,Top,eune,Tier 5,48.94
Rumble ,0.84,Top,eune,Tier 5,48.58
Rengar ,0.65,Top,eune,Tier 5,50.72
Sejuani ,1.13,Jungle,eune,Tier 5,51.11
Ivern ,0.6,Jungle,eune,Tier 5,50.86
Lillia ,2.55,Jungle,eune,Tier 5,48.04
Zed ,1.84,Middle,eune,Tier 4,47.02
Trundle ,1.33,Jungle,eune,Tier 4,50.8
Rammus ,1.21,Jungle,eune,Tier 4,50.71
Nocturne ,1.83,Jungle,eune,Tier 4,50.42
Warwick ,1.97,Jungle,eune,Tier 4,51.75
Gragas ,2.84,Jungle,eune,Tier 4,50.06
Kha'Zix ,3.14,Jungle,eune,Tier 4,50.03
Vi ,2.56,Jungle,eune,Tier 3,51.13
Evelynn ,2.67,Jungle,eune,Tier 3,50.79
Hecarim ,5.38,Jungle,eune,Tier 3,50.48
Taliyah ,2.86,Jungle,eune,Tier 3,51.75
Jarvan IV ,5.67,Jungle,eune,Tier 3,50.32
Kayn ,6.7,Jungle,eune,Tier 3,49.55
Zac ,4.49,Jungle,eune,Tier 3,51.59
Fiddlesticks ,2.5,Jungle,eune,Tier 3,51.79
Viego ,11.99,Jungle,eune,Tier 2,49.35
Rek'Sai ,3.8,Jungle,eune,Tier 2,52.12
Nunu & Willump ,3.29,Jungle,eune,Tier 2,52.13
Ekko ,11.39,Jungle,eune,Tier 2,49.0
Xin Zhao ,7.05,Jungle,eune,Tier 2,50.99
Talon ,8.62,Jungle,eune,Tier 2,49.01
Kindred ,6.72,Jungle,eune,Tier 2,50.91
Nidalee ,12.42,Jungle,eune,Tier 2,50.31
Karthus ,3.29,Jungle,eune,Tier 2,52.46
Shaco ,4.21,Jungle,eune,Tier 2,51.39
Lee Sin ,28.36,Jungle,eune,Tier 1,48.37
Elise ,6.81,Jungle,eune,Tier 1,51.35
Poppy ,5.8,Jungle,eune,Tier 1,51.8
Trundle ,0.7,Jungle,eune,Tier 5,48.25
Ryze ,1.17,Middle,eune,Tier 5,46.31
Gragas ,0.68,Jungle,eune,Tier 5,48.64
Graves ,18.07,Jungle,eune,Tier 1,52.06
Viktor ,0.55,Middle,eune,Tier 5,49.35
Zac ,0.53,Jungle,eune,Tier 5,50.66
Illaoi ,0.93,Top,eune,Tier 5,49.54
Cassiopeia ,0.73,Middle,eune,Tier 5,50.51
Volibear ,1.62,Top,eune,Tier 5,49.14
Rumble ,1.41,Top,eune,Tier 5,49.12
Cho'Gath ,0.67,Top,eune,Tier 5,51.65
Gwen ,3.06,Top,eune,Tier 5,46.94
Vladimir ,1.45,Middle,eune,Tier 5,49.82
Maokai ,0.8,Support,eune,Tier 5,50.47
Dr. Mundo ,0.82,Top,eune,Tier 4,51.47
Kayle ,1.03,Top,eune,Tier 5,51.35
Yorick ,0.78,Top,eune,Tier 4,51.6
Warwick ,1.01,Jungle,eune,Tier 4,51.16
Yasuo ,1.98,Middle,eune,Tier 4,48.19
Jayce ,10.85,Top,eune,Tier 4,45.64
Lillia ,1.61,Jungle,eune,Tier 4,49.58
Heimerdinger ,0.99,Top,eune,Tier 4,50.56
Pantheon ,0.55,Middle,eune,Tier 4,51.9
Yone ,3.42,Middle,eune,Tier 4,47.74
Gnar ,3.01,Top,eune,Tier 4,49.79
Singed ,1.19,Top,eune,Tier 3,51.92
Urgot ,1.32,Top,eune,Tier 4,51.49
Gangplank ,2.56,Top,eune,Tier 3,50.33
Riven ,4.06,Top,eune,Tier 3,49.95
Sion ,2.25,Top,eune,Tier 3,51.65
Akali ,5.01,Middle,eune,Tier 3,49.17
Kennen ,5.36,Top,eune,Tier 3,48.95
Nasus ,1.96,Top,eune,Tier 3,52.04
Ornn ,3.51,Top,eune,Tier 3,51.04
Tryndamere ,1.78,Top,eune,Tier 3,51.12
Quinn ,1.14,Top,eune,Tier 2,52.66
Wukong ,2.53,Top,eune,Tier 2,51.67
Garen ,2.95,Top,eune,Tier 3,50.8
Rengar ,1.59,Top,eune,Tier 3,52.04
Jax ,4.55,Top,eune,Tier 2,50.02
Sylas ,5.74,Middle,eune,Tier 2,49.1
Kled ,1.86,Top,eune,Tier 2,52.94
Sett ,6.57,Top,eune,Tier 2,49.62
Graves ,5.53,Jungle,eune,Tier 2,49.37
Aatrox ,7.93,Top,eune,Tier 2,49.79
Shen ,3.34,Top,eune,Tier 2,52.6
Irelia ,9.1,Top,eune,Tier 2,49.17
Vayne ,5.71,Bottom,eune,Tier 2,50.34
Renekton ,8.49,Top,eune,Tier 2,50.07
Darius ,7.31,Top,eune,Tier 2,50.3
Teemo ,6.9,Top,eune,Tier 1,49.25
Malphite ,5.6,Top,eune,Tier 2,50.74
Tahm Kench ,4.9,Top,eune,Tier 1,52.81
Fiora ,8.7,Top,eune,Tier 1,50.25
Camille ,14.22,Top,eune,Tier 1,52.52
Poppy ,3.15,Jungle,eune,Tier 1,53.85
Xayah ,18.88,Bottom,eune,Tier 1,50.63
Ziggs ,5.3,Bottom,eune,Tier 2,52.55
Tristana ,1.86,Bottom,eune,Tier 5,49.81
Varus ,1.58,Bottom,eune,Tier 5,48.85
Twitch ,1.5,Bottom,eune,Tier 4,52.05
Vayne ,8.54,Bottom,eune,Tier 2,52.11
Samira ,9.31,Bottom,eune,Tier 2,49.4
Sivir ,1.44,Bottom,eune,Tier 5,49.61
Lucian ,17.23,Bottom,eune,Tier 2,48.75
Kog'Maw ,0.74,Bottom,eune,Tier 5,50.74
Kalista ,1.83,Bottom,eune,Tier 5,49.93
Kai'Sa ,11.78,Bottom,eune,Tier 5,48.07
Jinx ,12.98,Bottom,eune,Tier 3,51.14
Jhin ,35.36,Bottom,eune,Tier 2,50.38
Ezreal ,18.69,Bottom,eune,Tier 3,48.5
Draven ,3.36,Bottom,eune,Tier 3,51.77
Caitlyn ,11.2,Bottom,eune,Tier 2,51.02
Ashe ,3.56,Bottom,eune,Tier 4,50.65
Aphelios ,11.99,Bottom,eune,Tier 4,46.29
